n,id,album,file,title_ko,title_en,title_ja,title_de,title_by,taken,camera,lens,focal_length_mm,exposure_s,f_number,iso,place,place_en,shoot_folder,width,height,people,self_portrait,open_dataset
1,abstract/279A3038_1,abstract,assets/abstract/279A3038_1.jpg,물 위의 묵서,Calligraphy on Water,水面の墨書,Tuschschrift auf dem Wasser,ai,2020-12-05T14:51:12,Canon EOS R6,RF24-240mm F4-6.3 IS USM,240.0,1/125,9.0,200,군산 은파호수,"Eunpa Lake, Gunsan",2020_12_05 은파 물빛,1200,800,False,False,True
2,abstract/279A3076_1,abstract,assets/abstract/279A3076_1.jpg,연둣빛 일렁임,Chartreuse Sway,萌黄のゆらぎ,Maigrünes Wogen,ai,2020-12-05T15:00:30,Canon EOS R6,RF24-240mm F4-6.3 IS USM,240.0,1/100,9.0,200,군산 은파호수,"Eunpa Lake, Gunsan",2020_12_05 은파 물빛,1200,800,False,False,True
3,abstract/279A3087_1,abstract,assets/abstract/279A3087_1.jpg,금빛 물기둥,Pillar of Gold,金の水柱,Goldene Säule,ai,2020-12-05T15:05:54,Canon EOS R6,RF24-240mm F4-6.3 IS USM,173.0,1/200,9.0,200,군산 은파호수,"Eunpa Lake, Gunsan",2020_12_05 은파 물빛,1200,800,False,False,True
4,abstract/279A5482_1,abstract,assets/abstract/279A5482_1.jpg,쪽빛 너울,Indigo Swell,藍のうねり,Indigoblaue Dünung,ai,2020-12-19T15:53:15,Canon EOS R6,RF24-240mm F4-6.3 IS USM,240.0,1/30,9.0,100,김제 심포항,"Simpo Port, Gimje",2020_12_19 심포항 물빛,1200,800,False,False,True
5,abstract/279A5521_1,abstract,assets/abstract/279A5521_1.jpg,저녁 여울,Evening Shallows,夕べの瀬,Abendliche Stromschnelle,ai,2020-12-19T15:56:02,Canon EOS R6,RF24-240mm F4-6.3 IS USM,193.0,1/50,9.0,100,김제 심포항,"Simpo Port, Gimje",2020_12_19 심포항 물빛,1200,800,False,False,True
6,abstract/C27A1501,abstract,assets/abstract/C27A1501.jpg,물의 미로,Water Labyrinth,水の迷路,Wasserlabyrinth,ai,2020-10-18T16:01:38,Canon EOS 5D Mark IV,EF70-200mm f/2.8L IS II USM,170.0,1/100,6.3,100,김제 진봉 농수로,"Jinbong irrigation canal, Gimje",2020_10_18 진봉농수로 물빛,1200,800,False,False,True
7,abstract/C27A1514,abstract,assets/abstract/C27A1514.jpg,오색 모자이크,Five-Color Mosaic,五色のモザイク,Fünffarbiges Mosaik,ai,2020-10-18T16:06:13,Canon EOS 5D Mark IV,EF70-200mm f/2.8L IS II USM,102.0,1/60,6.3,100,김제 진봉 농수로,"Jinbong irrigation canal, Gimje",2020_10_18 진봉농수로 물빛,1200,800,False,False,True
8,abstract/C27A2194_1,abstract,assets/abstract/C27A2194_1.jpg,물 위의 불꽃,Flame on Water,水上の炎,Flamme auf dem Wasser,ai,2019-01-06T14:59:25,Canon EOS 5D Mark IV,EF70-200mm f/2.8L IS II USM,200.0,1/60,6.3,400,김제 심포항,"Simpo Port, Gimje",2019_01_06심포항 물빛촬영(3),1200,800,False,False,True
9,abstract/C27A2287_1,abstract,assets/abstract/C27A2287_1.jpg,물빛추억,Water-Light Memories,水光の追憶,Wasserlicht-Erinnerung,yumok,2019-01-06T15:19:33,Canon EOS 5D Mark IV,EF70-200mm f/2.8L IS II USM,160.0,1/60,6.3,250,김제 심포항,"Simpo Port, Gimje",2019_01_06심포항 물빛촬영(3),1200,800,False,False,True
10,abstract/C27A2300_1,abstract,assets/abstract/C27A2300_1.jpg,포말의 섬,Islands of Foam,泡の島々,Schauminseln,ai,2019-01-06T15:22:53,Canon EOS 5D Mark IV,EF70-200mm f/2.8L IS II USM,182.0,1/60,6.3,100,김제 심포항,"Simpo Port, Gimje",2019_01_06심포항 물빛촬영(3),1200,800,False,False,True
11,abstract/C27A2303_1,abstract,assets/abstract/C27A2303_1.jpg,물빛향연,Water-Light Feast,水光の饗宴,Wasserlicht-Festmahl,yumok,2019-01-06T15:23:36,Canon EOS 5D Mark IV,EF70-200mm f/2.8L IS II USM,180.0,1/60,6.3,100,김제 심포항,"Simpo Port, Gimje",2019_01_06심포항 물빛촬영(3),1200,800,False,False,True
12,abstract/C27A2304_1,abstract,assets/abstract/C27A2304_1.jpg,물빛축제,Water-Light Festival,水光の祝祭,Wasserlicht-Fest,yumok,2019-01-06T15:23:54,Canon EOS 5D Mark IV,EF70-200mm f/2.8L IS II USM,200.0,1/60,6.3,160,김제 심포항,"Simpo Port, Gimje",2019_01_06심포항 물빛촬영(3),1200,800,False,False,True
13,abstract/C27A4824_1,abstract,assets/abstract/C27A4824_1.jpg,보랏빛 물길,Violet Waterway,紫の水路,Violetter Wasserweg,ai,2019-01-28T15:43:57,Canon EOS 5D Mark IV,EF70-200mm f/2.8L IS II USM,200.0,1/50,5.6,50,부여 궁남지,"Gungnamji Pond, Buyeo",2019_01_28부여 궁남지 물빛촬영(1),1200,800,False,False,True
14,abstract/C27A5000,abstract,assets/abstract/C27A5000.jpg,초록 그늘,Green Shade,緑の陰,Grüner Schatten,ai,2018-10-18T14:59:31,Canon EOS 5D Mark IV,EF70-200mm f/2.8L IS II USM,200.0,1/200,6.3,400,군산 은파호수,"Eunpa Lake, Gunsan",2018_10_18은파호수 물빛촬영(2),1200,800,False,False,True
15,abstract/C27A6226_1,abstract,assets/abstract/C27A6226_1.jpg,노랑과 파랑 사이,Between Yellow and Blue,黄と青のあいだ,Zwischen Gelb und Blau,ai,2020-11-11T15:39:38,Canon EOS 5D Mark IV,EF70-300mm f/4-5.6 IS II USM,165.0,1/60,6.3,125,새만금 가력도항,"Garyeokdo Port, Saemangeum",2020_11_11 가력도항 물빛,1200,800,False,False,True
16,abstract/C27A6583_1,abstract,assets/abstract/C27A6583_1.jpg,숲의 숨결,Breath of the Forest,森の息吹,Atem des Waldes,ai,2018-10-26T01:05:15,,,,,,,,,,1200,800,False,False,True
17,abstract/C27A7430,abstract,assets/abstract/C27A7430.jpg,가을 장막,Autumn Curtain,秋の帳,Herbstvorhang,ai,2018-10-28T14:51:20,Canon EOS 5D Mark IV,EF70-200mm f/2.8L IS II USM,95.0,1/30,6.3,50,임실 관촌 사선대,"Saseondae, Imsil",2018_10_28사선대 물빛촬영,1200,800,False,False,True
18,abstract/C27A7554,abstract,assets/abstract/C27A7554.jpg,푸른 대리석,Blue Marble,青い大理石,Blauer Marmor,ai,2018-10-28T15:20:33,Canon EOS 5D Mark IV,EF70-200mm f/2.8L IS II USM,125.0,1/10,6.3,50,임실 관촌 사선대,"Saseondae, Imsil",2018_10_28사선대 물빛촬영,1200,800,False,False,True
19,abstract/C27A7556,abstract,assets/abstract/C27A7556.jpg,물밑의 가을,Autumn Beneath the Water,水底の秋,Herbst unter Wasser,ai,2018-10-28T15:20:37,Canon EOS 5D Mark IV,EF70-200mm f/2.8L IS II USM,100.0,1/10,6.3,50,임실 관촌 사선대,"Saseondae, Imsil",2018_10_28사선대 물빛촬영,1200,800,False,False,True
20,abstract/C27A9078,abstract,assets/abstract/C27A9078.jpg,물에 잠긴 산,Sunken Mountain,水に沈む山,Versunkener Berg,ai,2018-11-15T16:04:27,Canon EOS 5D Mark IV,EF70-200mm f/2.8L IS II USM,200.0,1/10,6.3,50,김제 심포항,"Simpo Port, Gimje",2018_11_15심포항 물빛촬영(1),1200,800,False,False,True
21,abstract/IMG_5179,abstract,assets/abstract/IMG_5179.jpg,노을 잔물결,Sunset Ripples,夕焼けのさざ波,Abendrot-Kräuseln,ai,2020-09-30T16:35:54,Canon EOS 6D Mark II,TAMRON 28-300mm F/3.5-6.3 Di VC PZD A010,133.0,1/25,11.0,100,군산 비응항,"Bieung Port, Gunsan",2020_09_30 비응항  물빛,1200,800,False,False,True
22,abstract/LDJL1056_1,abstract,assets/abstract/LDJL1056_1.jpg,빛의 삼중주,Trio of Light,光の三重奏,Trio des Lichts,ai,2020-02-27T16:19:55,Canon EOS 5D Mark IV,EF70-200mm f/2.8L IS II USM,150.0,1/100,6.3,100,김제 심포항,"Simpo Port, Gimje",2020_02_27심포항 물빛(만경강하구)(11),1200,800,False,False,True
23,abstract/LDJL5598_1,abstract,assets/abstract/LDJL5598_1.jpg,봄의 물살,Spring Current,春の流れ,Frühlingsströmung,ai,2020-04-04T17:14:29,Canon EOS 5D Mark IV,EF70-200mm f/2.8L IS II USM,200.0,1/80,6.3,100,부안댐,Buan Dam,2020_04_04부안댐 물빛(1),1200,800,False,False,True
24,abstract/LDJL5614_1,abstract,assets/abstract/LDJL5614_1.jpg,봄볕 두 줄기,Two Beams of Spring Sun,春の日差し二筋,Zwei Strahlen Frühlingssonne,ai,2020-04-04T17:16:53,Canon EOS 5D Mark IV,EF70-200mm f/2.8L IS II USM,135.0,1/60,6.3,100,부안댐,Buan Dam,2020_04_04부안댐 물빛(1),1200,800,False,False,True
25,abstract/LDJL7687_1,abstract,assets/abstract/LDJL7687_1.jpg,오월의 잔물결,Ripples of May,五月のさざ波,Maiwellen,ai,2020-05-07T17:34:56,Canon EOS 5D Mark IV,EF100-400mm f/4.5-5.6L IS II USM,148.0,1/160,5.6,100,,,,1200,800,False,False,True
26,abstract/LDJL7731_1,abstract,assets/abstract/LDJL7731_1.jpg,녹빛 선율,Rust-Colored Melody,錆色の旋律,Rostfarbene Melodie,ai,2020-05-07T18:11:19,Canon EOS 5D Mark IV,EF100-400mm f/4.5-5.6L IS II USM,182.0,1/160,5.6,100,,,,1200,800,False,False,True
27,abstract/LDJL8341_1,abstract,assets/abstract/LDJL8341_1.jpg,물 위의 등불,Lantern on the Water,水上の灯,Laterne auf dem Wasser,ai,2020-05-20T16:16:32,Canon EOS 5D Mark IV,EF100-400mm f/4.5-5.6L IS II USM,340.0,1/100,13.0,100,군산 선유도,"Seonyudo Island, Gunsan",2020_05_20선유도,1200,800,False,False,True
28,abstract/_27A0029,abstract,assets/abstract/_27A0029.jpg,물결과 모래,Ripples and Sand,さざ波と砂,Wellen und Sand,ai,2021-11-17T14:19:20,Canon EOS 5D Mark IV,EF70-300mm f/4-5.6 IS II USM,300.0,1/100,11.0,100,익산 웅포대교,"Ungpo Bridge, Iksan",2021_11_17 웅포대교,1200,800,False,False,True
29,abstract/_27A0032,abstract,assets/abstract/_27A0032.jpg,물이 그린 산하,Landscape Drawn by Water,水が描いた山河,Vom Wasser gemalte Landschaft,ai,2021-04-14T16:06:34,Canon EOS 5D Mark IV,EF70-300mm f/4-5.6 IS II USM,165.0,1/125,11.0,800,군산 내항,Gunsan Inner Harbor,2021_04_14 군산 내항 물빛,1200,800,False,False,True
30,abstract/_27A0035,abstract,assets/abstract/_27A0035.jpg,시월의 초록,October Green,十月の緑,Oktobergrün,ai,2021-10-21T16:55:54,Canon EOS 5D Mark IV,EF70-300mm f/4-5.6 IS II USM,165.0,1/160,13.0,1000,서천 신성리 갈대밭,"Sinseong-ri Reed Field, Seocheon",2021_10_21 신성리 갈대밭,1200,800,False,False,True
31,abstract/_27A0043-Enhanced-NR,abstract,assets/abstract/_27A0043-Enhanced-NR.jpg,하늘에 뻗은 가지,Branches into the Sky,空へ伸びる枝,Zweige in den Himmel,ai,2021-04-26T18:13:38,Canon EOS 5D Mark IV,EF70-300mm f/4-5.6 IS II USM,135.0,1/125,6.3,1250,군산 월명호수,"Wolmyeong Lake, Gunsan",2021_04_26 월명호수 물빛,1200,800,False,False,True
32,abstract/_27A0065,abstract,assets/abstract/_27A0065.jpg,기울어진 포구,Tilted Harbor,傾いた入り江,Geneigter Hafen,ai,2021-10-09T16:25:53,Canon EOS 5D Mark IV,EF70-200mm f/2.8L IS II USM,105.0,1/50,9.0,100,군산 내항,Gunsan Inner Harbor,2021_10_09 군산 내항 물빛,1200,800,False,False,True
33,abstract/_27A0070_1,abstract,assets/abstract/_27A0070_1.jpg,은빛 윤슬,Silver Glitter,銀のきらめき,Silbernes Glitzern,ai,2020-12-24T11:18:10,Canon EOS 5D Mark IV,EF70-300mm f/4-5.6 IS II USM,219.0,1/200,9.0,500,,,2020_12_24 X-MAS 기념,1200,800,False,False,True
34,abstract/_27A0080,abstract,assets/abstract/_27A0080.jpg,흐르는 시간,Flowing Time,流れる時,Fließende Zeit,ai,2021-10-31T09:51:52,Canon EOS 5D Mark IV,EF70-300mm f/4-5.6 IS II USM,100.0,1/6,32.0,100,정읍 구절초 테마공원,"Gujeolcho Theme Park, Jeongeup",2021_10_31 정읍 구절초 테마공원,1200,800,False,False,True
35,abstract/_27A0094_1,abstract,assets/abstract/_27A0094_1.jpg,구름과 하늘 조각,Pieces of Cloud and Sky,雲と空のかけら,Wolken- und Himmelsstücke,ai,2020-12-02T15:53:46,Canon EOS 5D Mark IV,EF70-300mm f/4-5.6 IS II USM,219.0,1/40,11.0,125,군산 내항·서천 장항,Gunsan Inner Harbor and Janghang,2020_12_02 내항 및 장항 물빛(2),1200,800,False,False,True
36,abstract/_27A0095,abstract,assets/abstract/_27A0095.jpg,단풍 물들다,Dyed in Autumn Leaves,紅葉に染まる,In Herbstlaub getaucht,ai,2021-11-14T15:59:34,Canon EOS 5D Mark IV,EF70-300mm f/4-5.6 IS II USM,300.0,1/60,6.3,200,부안 줄포만 생태공원,"Julpo Bay Ecological Park, Buan",2021_11_14 줄포만 생태공원,1200,800,False,False,True
37,abstract/_27A0098,abstract,assets/abstract/_27A0098.jpg,비단 물결,Silk Waves,絹の波,Seidenwellen,ai,2021-04-26T18:53:05,Canon EOS 5D Mark IV,EF70-300mm f/4-5.6 IS II USM,135.0,1/80,6.3,250,군산 월명호수,"Wolmyeong Lake, Gunsan",2021_04_26 월명호수 물빛,1200,800,False,False,True
38,abstract/_27A0115,abstract,assets/abstract/_27A0115.jpg,가을 숲의 반영,Autumn Woods Reflected,秋の森の映り,Gespiegelter Herbstwald,ai,2021-10-31T11:02:32,Canon EOS 5D Mark IV,EF70-300mm f/4-5.6 IS II USM,300.0,1/60,11.0,100,정읍 구절초 테마공원,"Gujeolcho Theme Park, Jeongeup",2021_10_31 정읍 구절초 테마공원,1200,800,False,False,True
39,abstract/_27A0138_1,abstract,assets/abstract/_27A0138_1.jpg,갈지자 물결,Zigzag Waves,ジグザグの波,Zickzackwellen,ai,2020-12-02T16:29:55,Canon EOS 5D Mark IV,EF70-300mm f/4-5.6 IS II USM,113.0,1/30,11.0,125,군산 내항·서천 장항,Gunsan Inner Harbor and Janghang,2020_12_02 내항 및 장항 물빛(2),1200,800,False,False,True
40,abstract/_27A0175,abstract,assets/abstract/_27A0175.jpg,늦여름 포구,Late Summer Harbor,晩夏の入り江,Spätsommer am Hafen,ai,2020-09-10T16:28:09,Canon EOS 5D Mark IV,EF100-400mm f/4.5-5.6L IS II USM,170.0,1/400,5.6,400,서천 장항항,"Janghang Port, Seocheon",2020_09_10 장항신항물빛(1),1200,800,False,False,True
41,abstract/_27A0176,abstract,assets/abstract/_27A0176.jpg,물 위의 밧줄,Rope on the Water,水面の綱,Tau auf dem Wasser,ai,2020-09-10T16:28:12,Canon EOS 5D Mark IV,EF100-400mm f/4.5-5.6L IS II USM,170.0,1/500,5.6,400,서천 장항항,"Janghang Port, Seocheon",2020_09_10 장항신항물빛(1),1200,800,False,False,True
42,abstract/_27A0193,abstract,assets/abstract/_27A0193.jpg,푸른 물비늘,Blue Scales of Water,青い水の鱗,Blaue Wasserschuppen,ai,2021-04-11T17:31:13,Canon EOS 5D Mark IV,EF70-300mm f/4-5.6 IS II USM,126.0,1/125,10.0,200,서천 장항항,"Janghang Port, Seocheon",2021_04_11 군장항 물빛,1200,800,False,False,True
43,abstract/_27A0294,abstract,assets/abstract/_27A0294.jpg,은빛 균열,Silver Crackle,銀のひび,Silbernes Craquelé,ai,2020-09-13T17:52:12,Canon EOS 5D Mark IV,EF100-400mm f/4.5-5.6L IS II USM,321.0,1/125,6.3,200,김제 심포항,"Simpo Port, Gimje",2020_09_13 심포항 물빛,1200,800,False,False,True
44,abstract/_27A0401,abstract,assets/abstract/_27A0401.jpg,흰 띠,White Band,白い帯,Weißes Band,ai,2020-09-18T17:01:49,Canon EOS 5D Mark IV,EF100-400mm f/4.5-5.6L IS II USM,170.0,1/125,6.3,100,김제 심포항,"Simpo Port, Gimje",2020_09_18심포항 물빛,1200,800,False,False,True
45,abstract/_27A0420,abstract,assets/abstract/_27A0420.jpg,초록과 흰빛,Green and White,緑と白,Grün und Weiß,ai,2020-09-18T17:05:08,Canon EOS 5D Mark IV,EF100-400mm f/4.5-5.6L IS II USM,271.0,1/50,6.3,100,김제 심포항,"Simpo Port, Gimje",2020_09_18심포항 물빛,1200,800,False,False,True
46,abstract/_27A0551,abstract,assets/abstract/_27A0551.jpg,은빛 포구의 붉은 배,Red Boat in a Silver Harbor,銀の港の赤い舟,Rotes Boot im Silberhafen,ai,2020-09-22T17:27:11,Canon EOS 5D Mark IV,TAMRON 28-300mm F/3.5-6.3 Di VC PZD A010,86.0,1/160,9.0,100,새만금 가력도항,"Garyeokdo Port, Saemangeum",2020_09_22 가력도항 물빛,1200,800,False,False,True
47,abstract/_27A0552,abstract,assets/abstract/_27A0552.jpg,깃발의 춤,Dance of the Flags,旗の舞,Tanz der Fahnen,ai,2020-09-22T17:27:47,Canon EOS 5D Mark IV,TAMRON 28-300mm F/3.5-6.3 Di VC PZD A010,116.0,1/100,9.0,100,새만금 가력도항,"Garyeokdo Port, Saemangeum",2020_09_22 가력도항 물빛,1200,800,False,False,True
48,abstract/_27A0554,abstract,assets/abstract/_27A0554.jpg,붉은 점묘,Red Pointillism,赤の点描,Roter Pointillismus,ai,2020-09-22T17:30:05,Canon EOS 5D Mark IV,TAMRON 28-300mm F/3.5-6.3 Di VC PZD A010,179.0,1/80,9.0,100,새만금 가력도항,"Garyeokdo Port, Saemangeum",2020_09_22 가력도항 물빛,1200,800,False,False,True
49,abstract/_27A0944,abstract,assets/abstract/_27A0944.jpg,붉은 여운,Red Afterglow,赤い余韻,Roter Nachklang,ai,2020-09-30T17:08:19,Canon EOS 5D Mark IV,EF70-200mm f/2.8L IS II USM,175.0,1/125,9.0,200,군산 비응항,"Bieung Port, Gunsan",2020_09_30 비응항  물빛,1200,800,False,False,True
50,abstract/_5D_0612,abstract,assets/abstract/_5D_0612.jpg,물 위의 춤사위,Dance Upon the Water,水上の舞,Tanz auf dem Wasser,ai,2022-04-24T16:27:30,Canon EOS 5D Mark IV,EF70-300mm f/4-5.6 IS II USM,226.0,1/60,6.3,100,김제 망해사,"Manghaesa Temple, Gimje",2022_04_24 망해사,1200,800,False,False,True
51,abstract/_5D_1162,abstract,assets/abstract/_5D_1162.jpg,옥빛 물굽이,Jade Bend,翡翠の水曲,Jadegrüne Biegung,ai,2023-02-26T09:05:53,Canon EOS 5D Mark IV,EF70-300mm f/4-5.6 IS II USM,111.0,1/6,11.0,100,,,,1200,800,False,False,True
52,abstract/_5D_1182,abstract,assets/abstract/_5D_1182.jpg,물에 쓴 글씨,Letters Written on Water,水に書いた文字,Aufs Wasser geschrieben,ai,2023-02-26T09:25:20,Canon EOS 5D Mark IV,EF70-300mm f/4-5.6 IS II USM,155.0,1/50,11.0,100,,,,1200,800,False,False,True
53,abstract/_5D_1583,abstract,assets/abstract/_5D_1583.jpg,유월의 녹음,June Greenery,六月の緑陰,Junigrün,ai,2023-06-06T10:38:42,Canon EOS 5D Mark IV,EF70-300mm f/4-5.6 IS II USM,300.0,1/80,13.0,100,,,,1200,800,False,False,True
54,abstract/_5D_1773_1,abstract,assets/abstract/_5D_1773_1.jpg,초여름 호숫가,Early Summer Lakeside,初夏の湖畔,Frühsommer am See,ai,2023-06-13T15:51:39,Canon EOS 5D Mark IV,EF70-300mm f/4-5.6 IS II USM,182.0,1/40,11.0,100,,,,1200,800,False,False,True
55,abstract/_5D_1778_1,abstract,assets/abstract/_5D_1778_1.jpg,소용돌이,Whirl,渦,Strudel,ai,2023-06-13T15:54:50,Canon EOS 5D Mark IV,EF70-300mm f/4-5.6 IS II USM,70.0,1/25,32.0,100,,,,1200,800,False,False,True
56,abstract/_5D_1903-Enhanced-NR,abstract,assets/abstract/_5D_1903-Enhanced-NR.jpg,물속의 숲,Forest in the Water,水の中の森,Wald im Wasser,ai,2023-06-19T07:37:25,Canon EOS 5D Mark IV,EF70-300mm f/4-5.6 IS II USM,278.0,1/30,11.0,100,,,,1200,800,False,False,True
57,abstract/_5D_2420,abstract,assets/abstract/_5D_2420.jpg,늦가을 물결,Late Autumn Ripples,晩秋のさざ波,Spätherbstwellen,ai,2023-11-07T16:26:03,Canon EOS 5D Mark IV,EF70-300mm f/4-5.6 IS II USM,143.0,1/40,16.0,100,,,,1200,800,False,False,True
58,abstract/_5D_2427,abstract,assets/abstract/_5D_2427.jpg,별이 내린 물,Stars Fallen on Water,星の降る水,Sterne auf dem Wasser,ai,2023-11-07T16:26:50,Canon EOS 5D Mark IV,EF70-300mm f/4-5.6 IS II USM,226.0,1/200,16.0,100,,,,1200,800,False,False,True
59,abstract/_5D_2458,abstract,assets/abstract/_5D_2458.jpg,가을빛 호수,Autumn-Lit Lake,秋色の湖,See im Herbstlicht,ai,2023-11-07T17:11:27,Canon EOS 5D Mark IV,EF70-300mm f/4-5.6 IS II USM,176.0,1/40,5.6,100,,,,1200,800,False,False,True
60,abstract/_5D_2529,abstract,assets/abstract/_5D_2529.jpg,금빛 자갈,Golden Pebbles,金色の小石,Goldene Kiesel,ai,2023-11-14T11:22:33,Canon EOS 5D Mark IV,EF70-300mm f/4-5.6 IS II USM,74.0,1/125,5.6,100,,,,1200,800,False,False,True
61,abstract/_5D_2560,abstract,assets/abstract/_5D_2560.jpg,잔잔한 수면,Quiet Surface,静かな水面,Stille Wasserfläche,ai,2023-11-14T12:05:25,Canon EOS 5D Mark IV,EF70-300mm f/4-5.6 IS II USM,300.0,1/40,14.0,100,,,,1200,800,False,False,True
62,abstract/_5D_2562,abstract,assets/abstract/_5D_2562.jpg,물결 악보,Score of Waves,波の楽譜,Wellenpartitur,ai,2023-11-14T12:05:37,Canon EOS 5D Mark IV,EF70-300mm f/4-5.6 IS II USM,300.0,1/60,14.0,100,,,,1200,800,False,False,True
63,abstract/_79A0244,abstract,assets/abstract/_79A0244.jpg,물에 선 절벽,Cliff Standing in Water,水に立つ崖,Felswand im Wasser,ai,2023-11-14T10:34:58,Canon EOS R6,RF24-240mm F4-6.3 IS USM,240.0,1/40,11.0,100,,,,1200,800,False,False,True
64,abstract/_79A0415,abstract,assets/abstract/_79A0415.jpg,물 위의 달,Moon on the Water,水面の月,Mond auf dem Wasser,ai,2023-11-18T15:57:40,Canon EOS R6,RF24-240mm F4-6.3 IS USM,240.0,1/30,11.0,100,,,,1200,800,False,False,True
65,abstract/_79A3598,abstract,assets/abstract/_79A3598.jpg,초록 보석,Emerald Facets,エメラルドの切子,Smaragdfacetten,ai,2023-05-07T15:15:57,Canon EOS R6,RF24-240mm F4-6.3 IS USM,183.0,1/30,6.3,100,,,,1200,800,False,False,True
66,abstract/_79A3618,abstract,assets/abstract/_79A3618.jpg,봄 개울,Spring Brook,春の小川,Frühlingsbach,ai,2023-05-07T15:36:48,Canon EOS R6,RF24-240mm F4-6.3 IS USM,240.0,1/80,6.3,100,,,,1200,800,False,False,True
67,abstract/_79A3651,abstract,assets/abstract/_79A3651.jpg,신록의 물결,Waves of Fresh Green,新緑の波,Wellen im jungen Grün,ai,2023-05-08T10:34:24,Canon EOS R6,RF24-240mm F4-6.3 IS USM,203.0,1/60,10.0,100,,,,1200,800,False,False,True
68,abstract/_79A3656,abstract,assets/abstract/_79A3656.jpg,물 위의 두 그림자,Two Shadows on the Water,水面の二つの影,Zwei Schatten auf dem Wasser,ai,2023-05-08T10:39:35,Canon EOS R6,RF24-240mm F4-6.3 IS USM,76.0,1/40,10.0,100,,,,1200,800,False,False,True
69,abstract/_79A3663,abstract,assets/abstract/_79A3663.jpg,물풀의 꿈,Dream of Water Plants,水草の夢,Traum der Wasserpflanzen,ai,2023-05-08T10:43:56,Canon EOS R6,RF24-240mm F4-6.3 IS USM,150.0,1/10,10.0,100,,,,1200,800,False,False,True
70,abstract/_79A3717,abstract,assets/abstract/_79A3717.jpg,초록 속의 흰 섬,White Isle in Green,緑の中の白い島,Weiße Insel im Grün,ai,2023-05-08T13:21:40,Canon EOS R6,RF24-240mm F4-6.3 IS USM,218.0,1/80,9.0,100,,,,1200,800,False,False,True
71,abstract/_79A3721,abstract,assets/abstract/_79A3721.jpg,오월의 숲,Forest in May,五月の森,Maiwald,ai,2023-05-10T14:42:52,Canon EOS R6,RF24-240mm F4-6.3 IS USM,240.0,1/50,11.0,100,,,,1200,800,False,False,True
72,abstract/_79A3772,abstract,assets/abstract/_79A3772.jpg,분홍빛 산 그림자,Pink Mountain Shadow,桃色の山影,Rosa Bergschatten,ai,2023-05-10T16:56:48,Canon EOS R6,RF24-240mm F4-6.3 IS USM,213.0,1/20,25.0,100,,,,1200,800,False,False,True
73,abstract/_79A3777,abstract,assets/abstract/_79A3777.jpg,거꾸로 선 숲,Upside-Down Forest,逆さの森,Kopfstehender Wald,ai,2023-05-10T16:59:37,Canon EOS R6,RF24-240mm F4-6.3 IS USM,198.0,1/10,25.0,100,,,,1200,800,False,False,True
74,abstract/_79A3813,abstract,assets/abstract/_79A3813.jpg,물의 나이테,Tree Rings of Water,水の年輪,Jahresringe des Wassers,ai,2023-05-11T16:02:32,Canon EOS R6,RF24-240mm F4-6.3 IS USM,55.0,1/50,6.3,100,,,,1200,800,False,False,True
75,abstract/_79A4420,abstract,assets/abstract/_79A4420.jpg,흰 물살,White Current,白い流れ,Weiße Strömung,ai,2023-05-23T16:00:18,Canon EOS R6,RF24-240mm F4-6.3 IS USM,100.0,1/25,9.0,100,,,,1200,800,False,False,True
76,abstract/_79A4875,abstract,assets/abstract/_79A4875.jpg,황금 물결,Golden Waves,黄金の波,Goldene Wellen,ai,2023-06-03T15:06:52,Canon EOS R6,RF24-240mm F4-6.3 IS USM,240.0,1/60,16.0,100,,,,1200,800,False,False,True
77,abstract/_79A5247,abstract,assets/abstract/_79A5247.jpg,파랑과 초록의 경계,Where Blue Meets Green,青と緑の境,Grenze von Blau und Grün,ai,2023-06-16T15:32:18,Canon EOS R6,RF24-240mm F4-6.3 IS USM,240.0,1/80,9.0,100,,,,1200,800,False,False,True
78,abstract/_79A5286,abstract,assets/abstract/_79A5286.jpg,무지갯빛 수면,Iridescent Surface,虹色の水面,Schillernde Oberfläche,ai,2023-06-16T15:51:37,Canon EOS R6,RF24-240mm F4-6.3 IS USM,240.0,1/125,14.0,100,,,,1200,800,False,False,True
79,abstract/_79A5303,abstract,assets/abstract/_79A5303.jpg,여름 포구의 색,Colors of a Summer Harbor,夏の港の色,Farben des Sommerhafens,ai,2023-06-16T15:55:39,Canon EOS R6,RF24-240mm F4-6.3 IS USM,240.0,1/125,13.0,100,,,,1200,800,False,False,True
80,abstract/_79A5330,abstract,assets/abstract/_79A5330.jpg,물의 레이스,Lace of Water,水のレース,Wasserspitze,ai,2023-06-16T16:04:06,Canon EOS R6,RF24-240mm F4-6.3 IS USM,193.0,1/100,9.0,100,,,,1200,800,False,False,True
81,abstract/_79A5345,abstract,assets/abstract/_79A5345.jpg,흰 물결 위의 초록,Green on White Waves,白波の上の緑,Grün auf weißen Wellen,ai,2023-06-16T16:11:45,Canon EOS R6,RF24-240mm F4-6.3 IS USM,209.0,1/200,11.0,100,,,,1200,800,False,False,True
82,abstract/_79A5476,abstract,assets/abstract/_79A5476.jpg,푸른 그림자 놀이,Blue Shadow Play,青い影あそび,Blaues Schattenspiel,ai,2023-06-19T15:40:59,Canon EOS R6,RF24-240mm F4-6.3 IS USM,240.0,1/160,11.0,500,,,,1200,800,False,False,True
83,abstract/_79A5533,abstract,assets/abstract/_79A5533.jpg,흔들리는 나무,Swaying Trees,揺れる木々,Schwankende Bäume,ai,2023-06-22T15:27:54,Canon EOS R6,RF24-240mm F4-6.3 IS USM,240.0,1/15,13.0,125,,,,1200,800,False,False,True
84,abstract/_79A5590,abstract,assets/abstract/_79A5590.jpg,고요한 물띠,Quiet Bands,静かな水の帯,Stille Wasserbänder,ai,2023-06-22T15:50:27,Canon EOS R6,RF24-240mm F4-6.3 IS USM,198.0,1/200,13.0,125,,,,1200,800,False,False,True
85,abstract/_79A5619,abstract,assets/abstract/_79A5619.jpg,물에 잠긴 나무,Tree Sunk in Water,水に沈む木,Versunkener Baum,ai,2023-06-22T16:15:17,Canon EOS R6,RF24-240mm F4-6.3 IS USM,113.0,1/15,13.0,125,,,,1200,800,False,False,True
86,abstract/_79A5670,abstract,assets/abstract/_79A5670.jpg,청록의 바다,Teal Sea,青緑の海,Türkisgrünes Meer,ai,2023-06-23T14:57:51,Canon EOS R6,RF24-240mm F4-6.3 IS USM,150.0,1/80,9.0,100,,,,1200,800,False,False,True
87,abstract/_79A5694,abstract,assets/abstract/_79A5694.jpg,모래빛 물결,Sand-Colored Ripples,砂色のさざ波,Sandfarbene Wellen,ai,2023-06-23T15:44:16,Canon EOS R6,RF24-240mm F4-6.3 IS USM,240.0,1/40,16.0,100,,,,1200,800,False,False,True
88,abstract/_79A5702,abstract,assets/abstract/_79A5702.jpg,연두 물무늬,Light-Green Water Pattern,若草色の水紋,Hellgrünes Wassermuster,ai,2023-06-23T15:46:17,Canon EOS R6,RF24-240mm F4-6.3 IS USM,240.0,1/20,16.0,100,,,,1200,800,False,False,True
89,abstract/_79A5737,abstract,assets/abstract/_79A5737.jpg,초록 물길,Green Passage,緑の水路,Grüner Wasserweg,ai,2023-06-25T15:08:06,Canon EOS R6,RF24-240mm F4-6.3 IS USM,94.0,1/40,16.0,100,,,,1200,800,False,False,True
90,abstract/_79A5738,abstract,assets/abstract/_79A5738.jpg,물에 드리운 잎,Leaves over the Water,水に垂れる葉,Blätter über dem Wasser,ai,2023-06-25T15:08:40,Canon EOS R6,RF24-240mm F4-6.3 IS USM,240.0,1/25,16.0,100,,,,1200,800,False,False,True
91,abstract/_79A5739,abstract,assets/abstract/_79A5739.jpg,호수의 세 빛깔,Three Colors of the Lake,湖の三色,Drei Farben des Sees,ai,2023-06-25T15:09:26,Canon EOS R6,RF24-240mm F4-6.3 IS USM,134.0,1/60,16.0,100,,,,1200,800,False,False,True
92,abstract/_79A5849,abstract,assets/abstract/_79A5849.jpg,물에 비친 소나무,Pine in the Water,水に映る松,Kiefer im Wasser,ai,2023-06-27T16:37:15,Canon EOS R6,RF24-240mm F4-6.3 IS USM,240.0,1/13,6.3,100,,,,1200,800,False,False,True
93,abstract/_79A7004,abstract,assets/abstract/_79A7004.jpg,바위를 넘는 물,Water over Rock,岩を越える水,Wasser über Fels,ai,2021-10-24T14:02:23,Canon EOS R6,RF24-240mm F4-6.3 IS USM,87.0,1/80,6.3,160,부안 내변산,"Naebyeonsan, Buan",2021_10_24 내변산,1200,800,False,False,True
94,abstract/_79A7402,abstract,assets/abstract/_79A7402.jpg,물에 번진 단풍,Autumn Leaves Spreading,水ににじむ紅葉,Verlaufendes Herbstlaub,ai,2021-11-05T13:51:23,Canon EOS R6,RF24-240mm F4-6.3 IS USM,240.0,1/25,6.3,100,공주 마곡사,"Magoksa Temple, Gongju",2021_11_05 마곡사 물빛,1200,800,False,False,True
95,abstract/_79A7409,abstract,assets/abstract/_79A7409.jpg,물 위의 낙엽,Fallen Leaves on Water,水面の落ち葉,Gefallenes Laub auf dem Wasser,ai,2021-11-05T13:54:40,Canon EOS R6,RF24-240mm F4-6.3 IS USM,240.0,1/80,6.3,400,공주 마곡사,"Magoksa Temple, Gongju",2021_11_05 마곡사 물빛,1200,800,False,False,True
96,abstract/_79A7430,abstract,assets/abstract/_79A7430.jpg,노란 빛 한 줄기,A Streak of Yellow,黄色のひとすじ,Ein gelber Streifen,ai,2021-11-05T14:23:17,Canon EOS R6,RF24-240mm F4-6.3 IS USM,240.0,1/160,11.0,400,공주 마곡사,"Magoksa Temple, Gongju",2021_11_05 마곡사 물빛,1200,800,False,False,True
97,abstract/_79A7449,abstract,assets/abstract/_79A7449.jpg,시냇물 속 나무,Tree in the Brook,小川の中の木,Baum im Bach,ai,2021-11-05T14:43:02,Canon EOS R6,RF24-240mm F4-6.3 IS USM,100.0,1/50,11.0,400,공주 마곡사,"Magoksa Temple, Gongju",2021_11_05 마곡사 물빛,1200,800,False,False,True
98,abstract/_79A8118,abstract,assets/abstract/_79A8118.jpg,늦여름 잔물결,Late Summer Ripples,晩夏のさざ波,Spätsommerwellen,ai,2023-08-31T16:08:32,Canon EOS R6,RF24-240mm F4-6.3 IS USM,240.0,1/160,13.0,125,,,,1200,800,False,False,True
99,abstract/_79A8120,abstract,assets/abstract/_79A8120.jpg,연두의 한낮,Midday in Lime,若草の真昼,Mittag in Lindgrün,ai,2023-08-31T16:08:55,Canon EOS R6,RF24-240mm F4-6.3 IS USM,213.0,1/100,13.0,125,,,,1200,800,False,False,True
100,abstract/_79A8152,abstract,assets/abstract/_79A8152.jpg,흰 물그림자,White Water-Shadow,白い水影,Weißer Wasserschatten,ai,2023-09-01T15:37:49,Canon EOS R6,RF24-240mm F4-6.3 IS USM,109.0,1/13,25.0,125,,,,1200,800,False,False,True
101,abstract/_79A8158,abstract,assets/abstract/_79A8158.jpg,황톳물,Ochre Water,黄土の水,Ockerwasser,ai,2023-09-01T15:38:54,Canon EOS R6,RF24-240mm F4-6.3 IS USM,118.0,1/15,25.0,125,,,,1200,800,False,False,True
102,abstract/_79A8163,abstract,assets/abstract/_79A8163.jpg,황톳물의 포말,Foam on Ochre Water,黄土水の泡,Schaum auf Ockerwasser,ai,2023-09-01T15:39:25,Canon EOS R6,RF24-240mm F4-6.3 IS USM,113.0,1/13,25.0,125,,,,1200,800,False,False,True
103,abstract/_79A8167,abstract,assets/abstract/_79A8167.jpg,물거품 구름,Cloud of Foam,泡の雲,Schaumwolke,ai,2023-09-01T15:39:30,Canon EOS R6,RF24-240mm F4-6.3 IS USM,113.0,1/13,25.0,125,,,,1200,800,False,False,True
104,abstract/_79A8448,abstract,assets/abstract/_79A8448.jpg,초록 물그림,Green Water Sketch,緑の水絵,Grüne Wasserskizze,ai,2023-09-08T15:40:26,Canon EOS R6,RF24-240mm F4-6.3 IS USM,240.0,1/125,11.0,100,,,,1200,800,False,False,True
105,abstract/_79A8478,abstract,assets/abstract/_79A8478.jpg,돛대의 반영,Mast Reflected,帆柱の映り,Gespiegelter Mast,ai,2023-09-08T15:59:57,Canon EOS R6,RF24-240mm F4-6.3 IS USM,193.0,1/60,13.0,100,,,,1200,800,False,False,True
106,abstract/_79A8789,abstract,assets/abstract/_79A8789.jpg,은빛 물비늘,Silver Scales,銀の鱗,Silberschuppen,ai,2022-04-28T16:36:24,Canon EOS R6,RF24-240mm F4-6.3 IS USM,188.0,1/80,6.3,320,부안 내소사,"Naesosa Temple, Buan",2022_04_28 내소사,1200,800,False,False,True
107,abstract/_79A8983,abstract,assets/abstract/_79A8983.jpg,잿빛 물결,Ashen Waves,灰色の波,Aschgraue Wellen,ai,2023-10-12T15:23:33,Canon EOS R6,RF24-240mm F4-6.3 IS USM,198.0,1/100,6.3,100,,,,1200,800,False,False,True
108,abstract/_79A9003,abstract,assets/abstract/_79A9003.jpg,저녁빛 물결,Waves at Evening Light,夕光の波,Wellen im Abendlicht,ai,2023-10-12T15:27:39,Canon EOS R6,RF24-240mm F4-6.3 IS USM,240.0,1/160,6.3,100,,,,1200,800,False,False,True
109,abstract/_79A9286,abstract,assets/abstract/_79A9286.jpg,금빛 안개,Golden Haze,金色の霞,Goldener Dunst,ai,2023-10-16T15:32:07,Canon EOS R6,RF24-240mm F4-6.3 IS USM,47.0,1/80,6.3,100,,,,1200,800,False,False,True
110,abstract/_79A9307,abstract,assets/abstract/_79A9307.jpg,보랏빛 저녁 강,Violet Evening River,紫の夕べの川,Violetter Abendfluss,ai,2023-10-16T15:37:58,Canon EOS R6,RF24-240mm F4-6.3 IS USM,240.0,1/40,6.3,100,,,,1200,800,False,False,True
111,abstract/_79A9369,abstract,assets/abstract/_79A9369.jpg,구름과 갈대,Clouds and Reeds,雲と葦,Wolken und Schilf,ai,2023-10-16T15:45:18,Canon EOS R6,RF24-240mm F4-6.3 IS USM,90.0,1/20,6.3,100,,,,1200,800,False,False,True
112,abstract/_79A9465,abstract,assets/abstract/_79A9465.jpg,얼룩말 무늬,Zebra Stripes,縞馬の模様,Zebrastreifen,ai,2023-10-17T15:07:49,Canon EOS R6,RF24-240mm F4-6.3 IS USM,100.0,1/40,6.3,100,,,,1200,800,False,False,True
113,abstract/_79A9484,abstract,assets/abstract/_79A9484.jpg,물이 그린 줄무늬,Stripes Drawn by Water,水が描く縞,Vom Wasser gezeichnete Streifen,ai,2023-10-17T15:09:41,Canon EOS R6,RF24-240mm F4-6.3 IS USM,100.0,1/20,6.3,100,,,,1200,800,False,False,True
114,abstract/_79A9597,abstract,assets/abstract/_79A9597.jpg,가을 나무 한 그루,A Single Autumn Tree,秋の一本の木,Ein Herbstbaum,ai,2023-10-21T16:52:11,Canon EOS R6,RF24-240mm F4-6.3 IS USM,123.0,1/13,13.0,125,,,,1200,800,False,False,True
115,abstract/_79A9613,abstract,assets/abstract/_79A9613.jpg,가을 윤슬,Autumn Glitter,秋のきらめき,Herbstglitzern,ai,2023-10-21T16:58:51,Canon EOS R6,RF24-240mm F4-6.3 IS USM,150.0,1/15,11.0,250,,,,1200,800,False,False,True
116,abstract/_79A9651,abstract,assets/abstract/_79A9651.jpg,잎 사이의 흰 집,White House among Leaves,葉の間の白い家,Weißes Haus zwischen Blättern,ai,2023-10-28T15:42:34,Canon EOS R6,RF24-240mm F4-6.3 IS USM,162.0,1/40,11.0,100,,,,1200,800,False,False,True
117,abstract/_79A9682,abstract,assets/abstract/_79A9682.jpg,물속의 나무들,Trees within the Water,水の中の木々,Bäume im Wasser,ai,2023-10-28T16:10:07,Canon EOS R6,RF24-240mm F4-6.3 IS USM,168.0,1/15,9.0,200,,,,1200,800,False,False,True
118,abstract/_79A9686,abstract,assets/abstract/_79A9686.jpg,수묵 나무,Ink-Wash Trees,水墨の木々,Bäume in Tusche,ai,2023-10-28T16:11:19,Canon EOS R6,RF24-240mm F4-6.3 IS USM,100.0,1/160,9.0,200,,,,1200,800,False,False,True
119,abstract/_79A9688,abstract,assets/abstract/_79A9688.jpg,가을 가지,Autumn Branches,秋の枝,Herbstzweige,ai,2023-10-28T16:11:59,Canon EOS R6,RF24-240mm F4-6.3 IS USM,134.0,1/60,9.0,200,,,,1200,800,False,False,True
120,abstract/_79A9689,abstract,assets/abstract/_79A9689.jpg,시월의 끝,End of October,十月の終わり,Ende Oktober,ai,2023-10-28T16:12:54,Canon EOS R6,RF24-240mm F4-6.3 IS USM,240.0,1/160,9.0,200,,,,1200,800,False,False,True
121,abstract/_79A9690,abstract,assets/abstract/_79A9690.jpg,가을 물 모자이크,Autumn Water Mosaic,秋の水モザイク,Herbstliches Wassermosaik,ai,2023-10-28T16:13:17,Canon EOS R6,RF24-240mm F4-6.3 IS USM,109.0,1/80,9.0,200,,,,1200,800,False,False,True
122,abstract/_79A9691,abstract,assets/abstract/_79A9691.jpg,물에 비친 처마와 등,Eaves and Lantern Reflected,水に映る軒と灯籠,Gespiegelte Traufe und Laterne,ai,2023-10-28T16:14:12,Canon EOS R6,RF24-240mm F4-6.3 IS USM,113.0,1/30,9.0,200,,,,1200,800,False,False,True
123,abstract/_79A9712,abstract,assets/abstract/_79A9712.jpg,누각의 그림자,Shadow of the Pavilion,楼閣の影,Schatten des Pavillons,ai,2023-10-30T15:26:15,Canon EOS R6,RF24-240mm F4-6.3 IS USM,209.0,1/50,16.0,100,,,,1200,800,False,False,True
124,abstract/_79A9790,abstract,assets/abstract/_79A9790.jpg,가을 노을빛,Autumn Glow,秋の夕映え,Herbstliches Abendglühen,ai,2023-10-31T15:45:07,Canon EOS R6,RF24-240mm F4-6.3 IS USM,240.0,1/20,13.0,100,,,,1200,800,False,False,True
125,abstract/_79A9848,abstract,assets/abstract/_79A9848.jpg,십일월의 강,November River,十一月の川,Novemberfluss,ai,2023-11-01T16:01:39,Canon EOS R6,RF24-240mm F4-6.3 IS USM,134.0,1/30,11.0,100,,,,1200,800,False,False,True
126,abstract/_79A9928,abstract,assets/abstract/_79A9928.jpg,물의 오선지,Staff Lines of Water,水の五線紙,Notenlinien des Wassers,ai,2023-11-02T16:17:40,Canon EOS R6,RF24-240mm F4-6.3 IS USM,157.0,1/100,6.3,100,,,,1200,800,False,False,True
127,abstract/_79A9930,abstract,assets/abstract/_79A9930.jpg,물에 비친 산,Mountain in the Water,水に映る山,Berg im Wasser,ai,2023-11-02T16:19:07,Canon EOS R6,RF24-240mm F4-6.3 IS USM,240.0,1/125,6.3,100,,,,1200,800,False,False,True
128,abstract/_79A9970,abstract,assets/abstract/_79A9970.jpg,바람 탄 버들,Willow in the Wind,風に乗る柳,Weide im Wind,ai,2023-11-03T10:03:23,Canon EOS R6,RF24-240mm F4-6.3 IS USM,87.0,1/60,8.0,100,,,,1200,800,False,False,True
129,abstract/_79A9978,abstract,assets/abstract/_79A9978.jpg,떠가는 잎 하나,One Drifting Leaf,流れゆく一葉,Ein treibendes Blatt,ai,2023-11-03T10:05:19,Canon EOS R6,RF24-240mm F4-6.3 IS USM,178.0,1/25,8.0,100,,,,1200,800,False,False,True
130,abstract/_79A9980,abstract,assets/abstract/_79A9980.jpg,초록 물 위의 낙엽,Leaf on Green Water,緑の水の落ち葉,Blatt auf grünem Wasser,ai,2023-11-03T10:05:35,Canon EOS R6,RF24-240mm F4-6.3 IS USM,150.0,1/80,7.1,100,,,,1200,800,False,False,True
131,abstract/_79A9996,abstract,assets/abstract/_79A9996.jpg,숲과 하늘의 경계,Between Forest and Sky,森と空の境,Zwischen Wald und Himmel,ai,2023-11-03T10:11:30,Canon EOS R6,RF24-240mm F4-6.3 IS USM,62.0,1/100,6.3,100,,,,1200,800,False,False,True
132,abstract/_79A9997,abstract,assets/abstract/_79A9997.jpg,햇살 드는 물,Sunlit Water,日の差す水,Sonnenbeschienenes Wasser,ai,2023-11-03T10:12:12,Canon EOS R6,RF24-240mm F4-6.3 IS USM,100.0,1/30,6.3,100,,,,1200,800,False,False,True
133,abstract/_79A9998,abstract,assets/abstract/_79A9998.jpg,흰빛 번지는 물,Spreading White,広がる白,Sich ausbreitendes Weiß,ai,2023-11-03T10:12:45,Canon EOS R6,RF24-240mm F4-6.3 IS USM,76.0,1/60,6.3,100,,,,1200,800,False,False,True
134,abstract/_79A9999,abstract,assets/abstract/_79A9999.jpg,저물녘 호수,Lake at Dusk,暮れ方の湖,See in der Dämmerung,ai,2023-11-03T10:13:04,Canon EOS R6,RF24-240mm F4-6.3 IS USM,113.0,1/160,6.3,100,,,,1200,800,False,False,True
135,abstract/_DJ_0402,abstract,assets/abstract/_DJ_0402.jpg,초록 물의 흰 빛,White Light in Green Water,緑の水の白い光,Weißes Licht im grünen Wasser,ai,2021-03-14T16:28:05,Canon EOS R6,RF24-240mm F4-6.3 IS USM,134.0,1/200,9.0,640,서천 장항항,"Janghang Port, Seocheon",2021_03_14 장항 물양장 물빛,1200,800,False,False,True
136,abstract/_DJ_0895,abstract,assets/abstract/_DJ_0895.jpg,갈대 그림자,Reed Shadows,葦の影,Schilfschatten,ai,2021-03-22T17:27:29,Canon EOS R6,RF24-240mm F4-6.3 IS USM,168.0,1/25,6.3,100,군산 월명호수,"Wolmyeong Lake, Gunsan",2021_03_22 월명호수 물빛,1200,800,False,False,True
137,abstract/_DJ_7227,abstract,assets/abstract/_DJ_7227.jpg,얼음에 새긴 나무,Trees Etched in Ice,氷に刻まれた木,In Eis geritzte Bäume,ai,2021-01-24T08:48:22,Canon EOS R6,RF24-240mm F4-6.3 IS USM,213.0,1/80,11.0,160,군산 월명호수,"Wolmyeong Lake, Gunsan",2021_01_24 월명호수 물빛,1200,800,False,False,True
138,abstract/_DJ_7230,abstract,assets/abstract/_DJ_7230.jpg,얼음 위의 길,Path on the Ice,氷の上の道,Weg auf dem Eis,ai,2021-01-24T08:52:15,Canon EOS R6,RF24-240mm F4-6.3 IS USM,240.0,1/80,11.0,125,군산 월명호수,"Wolmyeong Lake, Gunsan",2021_01_24 월명호수 물빛,1200,800,False,False,True
139,abstract/_DJ_7370,abstract,assets/abstract/_DJ_7370.jpg,겨울 물의 초록,Green in Winter Water,冬の水の緑,Grün im Winterwasser,ai,2021-01-29T16:26:27,Canon EOS R6,RF24-240mm F4-6.3 IS USM,240.0,1/250,11.0,800,군산 내항·서천 장항,Gunsan Inner Harbor and Janghang,2021_01_29 군산내항 및 장항,1200,800,False,False,True
140,abstract/_DJ_7639,abstract,assets/abstract/_DJ_7639.jpg,줄에 매단 깃발,Flags on a Line,綱の旗,Fähnchen an der Leine,ai,2021-01-30T16:25:51,Canon EOS R6,RF24-240mm F4-6.3 IS USM,188.0,1/250,11.0,320,군산 내항,Gunsan Inner Harbor,2021_01_30 군산내항 물빛,1200,800,False,False,True
141,abstract/_DJ_8827,abstract,assets/abstract/_DJ_8827.jpg,포구의 물무늬,Harbor Water Pattern,港の水紋,Wassermuster im Hafen,ai,2021-02-21T16:59:44,Canon EOS R6,RF24-240mm F4-6.3 IS USM,183.0,1/125,7.1,100,군산 은파호수,"Eunpa Lake, Gunsan",2021_02_21 은파 물빛,1200,800,False,False,True
142,abstract/_DJ_9256,abstract,assets/abstract/_DJ_9256.jpg,검푸른 소용돌이,Dark Blue Vortex,青黒い渦,Dunkelblauer Wirbel,ai,2021-02-26T17:02:27,Canon EOS R6,RF24-240mm F4-6.3 IS USM,198.0,1/250,11.0,1000,서천 장항항,"Janghang Port, Seocheon",2021_02_26 장항물양장 물빛,1200,800,False,False,True
143,abstract/_DJ_9320,abstract,assets/abstract/_DJ_9320.jpg,물의 마블링,Marbling of Water,水のマーブリング,Marmorierung des Wassers,ai,2021-02-26T17:23:47,Canon EOS R6,RF24-240mm F4-6.3 IS USM,173.0,1/250,11.0,1250,서천 장항항,"Janghang Port, Seocheon",2021_02_26 장항물양장 물빛,1200,800,False,False,True
144,reflection/C27A0531_1_1,reflection,assets/reflection/C27A0531_1_1.jpg,조약돌 위의 숲,Forest over Pebbles,小石の上の森,Wald über Kieseln,ai,2018-11-30T12:52:20,Canon EOS 5D Mark IV,EF70-200mm f/2.8L IS II USM,130.0,1/20,6.3,100,부안 내변산,"Naebyeonsan, Buan",2018_11_30내변산계곡 물빛촬영(백통2)(2),1200,800,False,False,True
145,reflection/C27A0635_1_1,reflection,assets/reflection/C27A0635_1_1.jpg,물에 뜬 산,Mountain Afloat,水に浮かぶ山,Schwimmender Berg,ai,2018-11-30T14:01:32,Canon EOS 5D Mark IV,EF70-200mm f/2.8L IS II USM,100.0,1/320,3.5,100,부안 내변산,"Naebyeonsan, Buan",2018_11_30내변산계곡 물빛촬영(백통2)(2),1200,800,False,False,True
146,reflection/C27A1077_1,reflection,assets/reflection/C27A1077_1.jpg,연못가의 산책,A Walk by the Lotus Pond,蓮池の散歩,Spaziergang am Lotosteich,ai,2019-07-14T18:32:39,Canon EOS 5D Mark IV,EF100-400mm f/4.5-5.6L IS II USM,200.0,1/160,6.3,200,,,2019_07_14빅토리아 연꽃,1200,800,False,False,True
147,reflection/C27A6270_1,reflection,assets/reflection/C27A6270_1.jpg,푸른 물 위의 흰 줄기,White Stem on Blue Water,青い水の白い幹,Weißer Stamm auf blauem Wasser,ai,2020-11-11T16:12:13,Canon EOS 5D Mark IV,EF70-300mm f/4-5.6 IS II USM,143.0,1/400,6.3,125,새만금 가력도항,"Garyeokdo Port, Saemangeum",2020_11_11 가력도항 물빛,1200,800,False,False,True
148,reflection/C27A6296_1,reflection,assets/reflection/C27A6296_1.jpg,붉은 깃발,Red Flags,赤い旗,Rote Fahnen,ai,2020-11-11T16:19:55,Canon EOS 5D Mark IV,EF70-300mm f/4-5.6 IS II USM,182.0,1/320,6.3,125,새만금 가력도항,"Garyeokdo Port, Saemangeum",2020_11_11 가력도항 물빛,1200,800,False,False,True
149,reflection/C27A6376,reflection,assets/reflection/C27A6376.jpg,물속의 가을 뜰,Autumn Garden in the Water,水の中の秋の庭,Herbstgarten im Wasser,ai,2018-10-25T10:33:19,Canon EOS 5D Mark IV,EF70-200mm f/2.8L IS II USM,120.0,1/250,6.3,200,논산 탑정호,"Tapjeong Lake, Nonsan",2018_10_25탑정호 물빛사진(RAW)(2),1200,800,False,False,True
150,reflection/C27A6832_1_1,reflection,assets/reflection/C27A6832_1_1.jpg,물에 비친 집들,Houses in the Water,水に映る家々,Häuser im Wasser,ai,2019-05-29T18:01:47,Canon EOS 5D Mark IV,EF100-400mm f/4.5-5.6L IS II USM,340.0,1/100,9.0,100,김제 심포항,"Simpo Port, Gimje",2019_05_29심포항 물빛(6),1200,800,False,False,True
151,reflection/C27A6984_1,reflection,assets/reflection/C27A6984_1.jpg,물에 비친 지붕,Roof in the Water,水に映る屋根,Dach im Wasser,ai,2018-10-25T16:05:01,Canon EOS 5D Mark IV,EF70-200mm f/2.8L IS II USM,200.0,1/30,6.3,200,논산 탑정호,"Tapjeong Lake, Nonsan",2018_10_25탑정호 물빛사진(RAW)(2),1200,800,False,False,True
152,reflection/C27A7111,reflection,assets/reflection/C27A7111.jpg,가을 나무 그림자,Shadows of Autumn Trees,秋の木の影,Schatten der Herbstbäume,ai,2018-10-28T12:54:01,Canon EOS 5D Mark IV,EF70-200mm f/2.8L IS II USM,200.0,1/25,6.3,50,임실 관촌 사선대,"Saseondae, Imsil",2018_10_28사선대 물빛촬영,1200,800,False,False,True
153,reflection/C27A7995,reflection,assets/reflection/C27A7995.jpg,물에 비친 전망대,Lookout in the Water,水に映る展望台,Aussichtsplattform im Wasser,ai,2018-11-04T15:36:57,Canon EOS 5D Mark IV,EF70-200mm f/2.8L IS II USM,125.0,1/250,4.5,50,논산 탑정호,"Tapjeong Lake, Nonsan",2018_11_04탑정호 물빛촬영(3),1200,800,True,False,False
154,reflection/C27A8054,reflection,assets/reflection/C27A8054.jpg,물에 뻗은 가지,Branches Spread on Water,水面に広がる枝,"Äste, übers Wasser gebreitet",ai,2018-11-04T16:30:00,Canon EOS 5D Mark IV,EF70-200mm f/2.8L IS II USM,70.0,1/80,4.5,50,논산 탑정호,"Tapjeong Lake, Nonsan",2018_11_04탑정호 물빛촬영(3),1200,800,False,False,True
155,reflection/LDJL1741_1_1,reflection,assets/reflection/LDJL1741_1_1.jpg,두 그루 메타세쿼이아,Two Metasequoias,二本のメタセコイア,Zwei Mammutbäume,ai,2020-03-06T08:33:47,Canon EOS 5D Mark IV,EF100-400mm f/4.5-5.6L IS II USM,100.0,1/80,11.0,100,군산 은파호수,"Eunpa Lake, Gunsan",2020_03_06은파 물빛 촬영(아침)(7),1200,800,False,False,True
156,reflection/LDJL1761_1_1,reflection,assets/reflection/LDJL1761_1_1.jpg,물에 비친 다리와 가로등,Bridge and Streetlamp Reflected,水に映る橋と街灯,Brücke und Laterne im Wasser,ai,2020-03-06T08:40:48,Canon EOS 5D Mark IV,EF100-400mm f/4.5-5.6L IS II USM,176.0,1/60,11.0,160,군산 은파호수,"Eunpa Lake, Gunsan",2020_03_06은파 물빛 촬영(아침)(7),1200,800,False,False,True
157,reflection/LDJL7398_1,reflection,assets/reflection/LDJL7398_1.jpg,신록의 반영,Reflection of Fresh Green,新緑の映り,Spiegelung im jungen Grün,ai,2020-04-27T10:10:21,Canon EOS 5D Mark IV,EF100-400mm f/4.5-5.6L IS II USM,106.0,1/80,9.0,100,임실 관촌 사선대,"Saseondae, Imsil",2020_04_27관촌 사선대 물빛(2),1200,800,False,False,True
158,reflection/_27A0004,reflection,assets/reflection/_27A0004.jpg,핑크뮬리와 초가 정자,Pink Muhly and Thatched Pavilion,ピンクミューリーと藁葺きの東屋,Rosa Gras und Strohpavillon,ai,2021-09-24T13:24:54,Canon EOS 5D Mark IV,EF70-300mm f/4-5.6 IS II USM,250.0,1/250,6.3,100,임실 관촌 사선대,"Saseondae, Imsil",2021_09_24 사선대 물빛,1200,800,False,False,True
159,reflection/_27A0007,reflection,assets/reflection/_27A0007.jpg,가을 물가의 두 나무,Two Trees at the Autumn Shore,秋の水辺の二本の木,Zwei Bäume am Herbstufer,ai,2021-11-16T14:34:10,Canon EOS 5D Mark IV,EF70-300mm f/4-5.6 IS II USM,272.0,1/125,16.0,100,서천 국립생태원,"National Institute of Ecology, Seocheon",2021_11_16 국립서천생태원,1200,800,False,False,True
160,reflection/_27A0008,reflection,assets/reflection/_27A0008.jpg,붉게 물든 물가,Shore Dyed Red,赤く染まる水辺,Rot gefärbtes Ufer,ai,2021-11-18T16:02:21,Canon EOS 5D Mark IV,EF70-300mm f/4-5.6 IS II USM,219.0,1/100,6.3,100,군산 월명호수,"Wolmyeong Lake, Gunsan",2021_11_18 월명호수,1200,800,False,False,True
161,reflection/_27A0010,reflection,assets/reflection/_27A0010.jpg,여울 속의 하늘,Sky in the Shallows,瀬の中の空,Himmel in der Furt,ai,2021-09-18T15:35:19,Canon EOS 5D Mark IV,EF70-300mm f/4-5.6 IS II USM,232.0,1/160,9.0,100,정읍천,"Jeongeupcheon Stream, Jeongeup",2021_09_18 정읍천 물빛,1200,800,False,False,True
162,reflection/_27A0012,reflection,assets/reflection/_27A0012.jpg,다리와 메타세쿼이아,Bridge and Metasequoias,橋とメタセコイア,Brücke und Mammutbäume,ai,2021-03-10T07:58:50,Canon EOS 5D Mark IV,EF70-200mm f/2.8L IS II USM,100.0,1/60,6.3,100,군산 은파호수,"Eunpa Lake, Gunsan",2021_03_10 은파호수 물빛,1200,800,False,False,True
163,reflection/_27A0014,reflection,assets/reflection/_27A0014.jpg,수련 연못의 흰 지붕,White Roof over the Lily Pond,睡蓮池の白い屋根,Weißes Dach am Seerosenteich,ai,2021-09-24T13:31:43,Canon EOS 5D Mark IV,EF70-300mm f/4-5.6 IS II USM,187.0,1/500,6.3,100,임실 관촌 사선대,"Saseondae, Imsil",2021_09_24 사선대 물빛,1200,800,False,False,True
164,reflection/_27A0016,reflection,assets/reflection/_27A0016.jpg,물가의 탑과 집,Tower and House by the Water,水辺の塔と家,Turm und Haus am Wasser,ai,2021-03-10T08:01:20,Canon EOS 5D Mark IV,EF70-200mm f/2.8L IS II USM,142.0,1/60,6.3,125,군산 은파호수,"Eunpa Lake, Gunsan",2021_03_10 은파호수 물빛,1200,800,False,False,True
165,reflection/_27A0051,reflection,assets/reflection/_27A0051.jpg,물방울 무늬 하늘,Dappled Sky,水玉の空,Getupfter Himmel,ai,2021-10-29T17:08:22,Canon EOS 5D Mark IV,EF70-300mm f/4-5.6 IS II USM,78.0,1/60,6.3,100,김제 벽골제,"Byeokgolje, Gimje",2021_10_29 벽골제,1200,800,False,False,True
166,reflection/_27A0061,reflection,assets/reflection/_27A0061.jpg,가을 들판의 반영,Autumn Field Reflected,秋の野の映り,Gespiegeltes Herbstfeld,ai,2021-10-31T09:35:09,Canon EOS 5D Mark IV,EF70-300mm f/4-5.6 IS II USM,151.0,1/60,6.3,100,정읍 구절초 테마공원,"Gujeolcho Theme Park, Jeongeup",2021_10_31 정읍 구절초 테마공원,1200,800,False,False,True
167,reflection/_27A1349,reflection,assets/reflection/_27A1349.jpg,밭일하는 여인,Woman at Work in the Field,畑仕事の女,Frau bei der Feldarbeit,ai,2020-10-15T15:37:41,Canon EOS 5D Mark IV,EF70-200mm f/2.8L IS II USM,165.0,1/40,11.0,100,김제 심포항,"Simpo Port, Gimje",2020_10_15심포항 물빛(원섭),1200,800,True,False,False
168,reflection/_27B0004,reflection,assets/reflection/_27B0004.jpg,물에 뜬 구름,Clouds Afloat,水に浮かぶ雲,Schwimmende Wolken,ai,2021-09-18T15:28:08,Canon EOS 5D Mark IV,EF70-300mm f/4-5.6 IS II USM,100.0,1/800,5.6,100,정읍천,"Jeongeupcheon Stream, Jeongeup",2021_09_18 정읍천 물빛,1200,800,False,False,True
169,reflection/_5D_2320,reflection,assets/reflection/_5D_2320.jpg,물에 누운 언덕,Hill Lying in the Water,水に横たわる丘,Im Wasser liegender Hügel,ai,2023-10-24T15:48:27,Canon EOS 5D Mark IV,EF70-300mm f/4-5.6 IS II USM,111.0,1/15,16.0,125,,,,1200,800,False,False,True
170,reflection/_5D_2342,reflection,assets/reflection/_5D_2342.jpg,숲 사이의 빛,Light through the Woods,森の間の光,Licht zwischen den Bäumen,ai,2023-11-04T16:03:54,Canon EOS 5D Mark IV,EF70-300mm f/4-5.6 IS II USM,226.0,1/20,6.3,125,,,,1200,800,False,False,True
171,reflection/_5D_2345,reflection,assets/reflection/_5D_2345.jpg,다리 난간의 반영,Bridge Railing Reflected,橋の欄干の映り,Gespiegeltes Brückengeländer,ai,2023-11-04T16:05:49,Canon EOS 5D Mark IV,EF70-300mm f/4-5.6 IS II USM,300.0,1/15,6.3,125,,,,1200,800,False,False,True
172,reflection/_5D_2548,reflection,assets/reflection/_5D_2548.jpg,늦가을 물가,Late Autumn Shore,晩秋の水辺,Spätherbstliches Ufer,ai,2023-11-14T11:40:35,Canon EOS 5D Mark IV,EF70-300mm f/4-5.6 IS II USM,123.0,1/40,14.0,100,,,,1200,800,False,False,True
173,reflection/_5D_2549,reflection,assets/reflection/_5D_2549.jpg,은빛 나무들,Silver Trees,銀の木々,Silberne Bäume,ai,2023-11-14T11:41:15,Canon EOS 5D Mark IV,EF70-300mm f/4-5.6 IS II USM,300.0,1/20,14.0,100,,,,1200,800,False,False,True
174,reflection/_5D_2552,reflection,assets/reflection/_5D_2552.jpg,갈대와 단풍의 반영,Reeds and Autumn Leaves Reflected,葦と紅葉の映り,Schilf und Herbstlaub gespiegelt,ai,2023-11-14T11:42:38,Canon EOS 5D Mark IV,EF70-300mm f/4-5.6 IS II USM,256.0,1/50,14.0,100,,,,1200,800,False,False,True
175,reflection/_79A6517,reflection,assets/reflection/_79A6517.jpg,물속의 사진가,Photographer in the Water,水の中の写真家,Fotografierende im Wasser,ai,2021-10-10T16:51:30,Canon EOS R6,EF85mm f/1.4L IS USM,85.0,1/3200,1.4,100,임실 옥정호 붕어섬,"Bungeoseom, Okjeong Lake, Imsil",2021_10_10붕어섬,1200,800,True,False,False
176,reflection/_79A8527,reflection,assets/reflection/_79A8527.jpg,물밑의 풀과 꽃잎,Grass and Petals Underwater,水底の草と花びら,Gras und Blütenblätter unter Wasser,ai,2023-09-10T15:06:17,Canon EOS R6,RF24-240mm F4-6.3 IS USM,100.0,1/6,13.0,100,,,,1200,800,False,False,True
177,reflection/_79A9599,reflection,assets/reflection/_79A9599.jpg,가을빛 나뭇가지,Branches in Autumn Light,秋の光の枝,Äste im Herbstlicht,ai,2023-10-21T16:53:00,Canon EOS R6,RF24-240mm F4-6.3 IS USM,162.0,1/8,13.0,125,,,,1200,800,False,False,True
178,reflection/_79A9602,reflection,assets/reflection/_79A9602.jpg,금빛 소용돌이,Golden Swirl,金色の渦,Goldener Wirbel,ai,2023-10-21T16:54:03,Canon EOS R6,RF24-240mm F4-6.3 IS USM,240.0,1/20,13.0,125,,,,1200,800,False,False,True
179,reflection/_79A9607,reflection,assets/reflection/_79A9607.jpg,노란 잎의 반영,Yellow Leaves Reflected,黄葉の映り,Gelbes Laub gespiegelt,ai,2023-10-21T16:57:05,Canon EOS R6,RF24-240mm F4-6.3 IS USM,198.0,1/6,11.0,250,,,,1200,800,False,False,True
180,reflection/_79A9639,reflection,assets/reflection/_79A9639.jpg,자작나무 반영,Birches Reflected,白樺の映り,Gespiegelte Birken,ai,2023-10-21T17:12:36,Canon EOS R6,RF24-240mm F4-6.3 IS USM,213.0,1/30,11.0,100,,,,1200,800,False,False,True
181,reflection/_79A9652,reflection,assets/reflection/_79A9652.jpg,물에 비친 벽돌집,Brick House in the Water,水に映る煉瓦の家,Backsteinhaus im Wasser,ai,2023-10-28T15:47:04,Canon EOS R6,RF24-240mm F4-6.3 IS USM,193.0,1/100,11.0,100,,,,1200,800,False,False,True
182,reflection/_79A9653,reflection,assets/reflection/_79A9653.jpg,물에 비친 소 벽화,Ox Mural Reflected,水に映る牛の壁画,Ochsen-Wandbild im Wasser,ai,2023-10-28T15:48:14,Canon EOS R6,RF24-240mm F4-6.3 IS USM,178.0,1/200,11.0,100,,,,1200,800,False,False,True
183,reflection/_79A9662,reflection,assets/reflection/_79A9662.jpg,물에 선 삼각 기둥,Tripod Standing in Water,水に立つ三脚の柱,Dreibein im Wasser,ai,2023-10-28T15:56:13,Canon EOS R6,RF24-240mm F4-6.3 IS USM,123.0,1/50,11.0,100,,,,1200,800,False,False,True
184,reflection/_79A9665,reflection,assets/reflection/_79A9665.jpg,물속의 소나무,Pine within the Water,水中の松,Kiefer unter Wasser,ai,2023-10-28T15:59:29,Canon EOS R6,RF24-240mm F4-6.3 IS USM,79.0,1/30,6.3,320,,,,1200,800,False,False,True
185,reflection/_79A9674,reflection,assets/reflection/_79A9674.jpg,물에 비친 가을 나무,Autumn Tree in the Water,水に映る秋の木,Herbstbaum im Wasser,ai,2023-10-28T16:06:27,Canon EOS R6,RF24-240mm F4-6.3 IS USM,70.0,1/40,6.3,320,,,,1200,800,False,False,True
186,reflection/_79A9746,reflection,assets/reflection/_79A9746.jpg,금빛 호수,Golden Lake,金色の湖,Goldener See,ai,2023-10-31T15:24:31,Canon EOS R6,RF24-240mm F4-6.3 IS USM,240.0,1/15,11.0,100,,,,1200,800,False,False,True
187,reflection/_79A9759,reflection,assets/reflection/_79A9759.jpg,가을 숲 물결,Autumn Forest in Waves,秋の森の波,Herbstwald in Wellen,ai,2023-10-31T15:30:59,Canon EOS R6,RF24-240mm F4-6.3 IS USM,178.0,1/15,11.0,100,,,,1200,800,False,False,True
188,reflection/_79A9763,reflection,assets/reflection/_79A9763.jpg,단풍 모자이크,Autumn Leaf Mosaic,紅葉のモザイク,Herbstlaub-Mosaik,ai,2023-10-31T15:31:55,Canon EOS R6,RF24-240mm F4-6.3 IS USM,240.0,1/15,13.0,100,,,,1200,800,False,False,True
189,reflection/_79A9782,reflection,assets/reflection/_79A9782.jpg,시월의 숲 반영,October Forest Reflected,十月の森の映り,Gespiegelter Oktoberwald,ai,2023-10-31T15:41:12,Canon EOS R6,RF24-240mm F4-6.3 IS USM,178.0,1/13,13.0,100,,,,1200,800,False,False,True
190,pattern/C27A2399_1,pattern,assets/pattern/C27A2399_1.jpg,바람 부는 강,Windy River,風の吹く川,Fluss im Wind,ai,2018-10-11T15:36:00,Canon EOS 5D Mark IV,EF70-200mm f/2.8L IS II USM,200.0,1/100,11.0,200,군산 월명호수,"Wolmyeong Lake, Gunsan",2018_10_11월명호수 물빛 촬영(1),1200,800,False,False,True
191,pattern/C27A4603_1,pattern,assets/pattern/C27A4603_1.jpg,황톳빛 물결,Ochre Waves,黄土色の波,Ockerfarbene Wellen,ai,2019-01-25T16:07:46,Canon EOS 5D Mark IV,EF70-200mm f/2.8L IS II USM,120.0,1/250,7.1,200,완주 대아저수지,"Daea Reservoir, Wanju",2019_01_25완주 대아저수지 물빛촬영,1200,800,False,False,True
192,pattern/C27A4818_1,pattern,assets/pattern/C27A4818_1.jpg,살얼음 무늬,Thin Ice Pattern,薄氷の模様,Dünneis-Muster,ai,2019-01-28T15:36:09,Canon EOS 5D Mark IV,EF70-200mm f/2.8L IS II USM,125.0,1/125,5.6,50,부여 궁남지,"Gungnamji Pond, Buyeo",2019_01_28부여 궁남지 물빛촬영(1),1200,800,False,False,True
193,pattern/C27A4850_1,pattern,assets/pattern/C27A4850_1.jpg,주홍 물결,Vermilion Ripples,朱色の波,Zinnoberrote Wellen,ai,2018-10-18T14:46:34,Canon EOS 5D Mark IV,EF70-200mm f/2.8L IS II USM,190.0,1/125,6.3,100,군산 은파호수,"Eunpa Lake, Gunsan",2018_10_18은파호수 물빛촬영(2),1200,800,False,False,True
194,pattern/IMG_3632_1,pattern,assets/pattern/IMG_3632_1.jpg,올리브빛 물결,Olive Waves,オリーブ色の波,Olivgrüne Wellen,ai,2018-10-13T16:47:50,Canon EOS 6D Mark II,EF70-200mm f/2.8L IS II USM,182.0,1/200,8.0,400,,,,1200,800,False,False,True
195,pattern/LDJL2364_1,pattern,assets/pattern/LDJL2364_1.jpg,저녁 윤슬,Evening Glitter,夕べのきらめき,Abendglitzern,ai,2020-03-08T18:08:14,Canon EOS 5D Mark IV,EF100-400mm f/4.5-5.6L IS II USM,286.0,1/800,6.3,100,김제 심포항,"Simpo Port, Gimje",2020_03_08심포항 물빛(13),1200,800,False,False,True
196,pattern/LDJL2535_1,pattern,assets/pattern/LDJL2535_1.jpg,하늘빛 섞인 물결,Waves Mixed with Sky,空色まじりの波,Wellen mit Himmelblau,ai,2020-03-11T17:10:28,Canon EOS 5D Mark IV,EF70-200mm f/2.8L IS II USM,200.0,1/100,6.3,100,만경강 하구,Mangyeong River estuary,2020_03_11만경강 하구(가족나드리),1200,800,False,False,True
197,pattern/LDJL7234_1,pattern,assets/pattern/LDJL7234_1.jpg,물 위의 흰 포말,White Foam on Water,水面の白い泡,Weißer Schaum auf dem Wasser,ai,2020-04-26T15:27:59,Canon EOS 5D Mark IV,EF70-200mm f/2.8L IS II USM,200.0,1/160,11.0,100,부안 변산해수욕장,"Byeonsan Beach, Buan",2020_04_26변산해수욕장,1200,800,False,False,True
198,pattern/LDJL7420_1,pattern,assets/pattern/LDJL7420_1.jpg,연둣빛 잔물결,Pale Green Ripples,萌黄のさざ波,Blassgrüne Kräuselung,ai,2020-04-29T15:56:29,Canon EOS 5D Mark IV,EF70-200mm f/2.8L IS II USM,200.0,1/80,11.0,100,부여 궁남지,"Gungnamji Pond, Buyeo",2020_04_29부여 궁남지 물빛(2),1200,800,False,False,True
199,pattern/LDJL7427_1,pattern,assets/pattern/LDJL7427_1.jpg,잿빛 너울,Gray Swell,灰色のうねり,Graue Dünung,ai,2020-04-29T15:59:48,Canon EOS 5D Mark IV,EF70-200mm f/2.8L IS II USM,200.0,1/200,11.0,100,부여 궁남지,"Gungnamji Pond, Buyeo",2020_04_29부여 궁남지 물빛(2),1200,800,False,False,True
200,pattern/_27A0005,pattern,assets/pattern/_27A0005.jpg,푸른 물결 무늬,Blue Wave Pattern,青い波模様,Blaues Wellenmuster,ai,2021-11-13T15:21:58,Canon EOS 5D Mark IV,EF70-300mm f/4-5.6 IS II USM,200.0,1/125,11.0,200,군산 은파호수,"Eunpa Lake, Gunsan",2021_11_13 군산 은파-청암호,1200,800,False,False,True
201,pattern/_27A0015,pattern,assets/pattern/_27A0015.jpg,은빛과 갈빛,Silver and Brown,銀と茶,Silber und Braun,ai,2021-11-18T16:23:21,Canon EOS 5D Mark IV,EF70-300mm f/4-5.6 IS II USM,256.0,1/30,9.0,100,군산 월명호수,"Wolmyeong Lake, Gunsan",2021_11_18 월명호수,1200,800,False,False,True
202,pattern/_27A0184_1,pattern,assets/pattern/_27A0184_1.jpg,푸른 물거울,Blue Water Mirror,青い水鏡,Blauer Wasserspiegel,ai,2020-09-10T16:31:36,Canon EOS 5D Mark IV,EF100-400mm f/4.5-5.6L IS II USM,360.0,1/500,5.6,100,서천 장항항,"Janghang Port, Seocheon",2020_09_10 장항신항물빛(1),1200,800,False,False,True
203,pattern/_27A0549-1_1,pattern,assets/pattern/_27A0549-1_1.jpg,황금빛 물결,Waves of Gold,黄金色の波,Wellen aus Gold,ai,2020-09-22T17:22:04,Canon EOS 5D Mark IV,TAMRON 28-300mm F/3.5-6.3 Di VC PZD A010,139.0,1/125,9.0,100,새만금 가력도항,"Garyeokdo Port, Saemangeum",2020_09_22 가력도항 물빛,1200,800,False,False,True
204,pattern/_27A0715_1,pattern,assets/pattern/_27A0715_1.jpg,겨자빛 물결,Mustard Waves,芥子色の波,Senfgelbe Wellen,ai,2020-09-26T16:41:55,Canon EOS 5D Mark IV,EF100-400mm f/4.5-5.6L IS II USM,200.0,1/100,6.3,100,김제 만경호수,"Mangyeong Lake, Gimje",2020_09_26 김제 만경호수,1200,800,False,False,True
205,pattern/_27A0886_1,pattern,assets/pattern/_27A0886_1.jpg,촘촘한 물결,Fine-Woven Waves,細やかな波,Feingewebte Wellen,ai,2020-09-27T08:09:11,Canon EOS 5D Mark IV,EF100-400mm f/4.5-5.6L IS II USM,400.0,1/160,6.3,100,서천 장항항,"Janghang Port, Seocheon",2020_09_27 장항 신항물빛,1200,800,False,False,True
206,pattern/_27A9847_1,pattern,assets/pattern/_27A9847_1.jpg,짙푸른 바다,Deep Blue Sea,深い青の海,Tiefblaues Meer,ai,2020-08-23T18:23:32,Canon EOS 5D Mark IV,EF100-400mm f/4.5-5.6L IS II USM,100.0,1/80,11.0,125,서천 장항항,"Janghang Port, Seocheon",2020_08_23장항신항(등대),1200,800,False,False,True
207,pattern/_5D_0001,pattern,assets/pattern/_5D_0001.jpg,물밑의 자갈과 하늘,Pebbles and Sky,水底の小石と空,Kiesel und Himmel,ai,2021-11-29T14:13:28,Canon EOS 5D Mark IV,EF70-300mm f/4-5.6 IS II USM,213.0,1/200,5.6,100,정읍 구절초 테마공원,"Gujeolcho Theme Park, Jeongeup",2021_11_29 정읍구절초테마 공원 물빛,1200,800,False,False,True
208,pattern/_5D_0021,pattern,assets/pattern/_5D_0021.jpg,금빛 여울,Golden Shallows,金色の瀬,Goldene Furt,ai,2021-11-29T14:26:13,Canon EOS 5D Mark IV,EF70-300mm f/4-5.6 IS II USM,77.0,1/40,9.0,100,정읍 구절초 테마공원,"Gujeolcho Theme Park, Jeongeup",2021_11_29 정읍구절초테마 공원 물빛,1200,800,False,False,True
209,pattern/_5D_0070,pattern,assets/pattern/_5D_0070.jpg,청록 잔물결,Teal Ripples,青緑のさざ波,Türkisgrüne Kräuselung,ai,2021-11-29T15:46:10,Canon EOS 5D Mark IV,EF70-300mm f/4-5.6 IS II USM,232.0,1/250,5.6,400,정읍 구절초 테마공원,"Gujeolcho Theme Park, Jeongeup",2021_11_29 정읍구절초테마 공원 물빛,1200,800,False,False,True
210,pattern/_79A6036,pattern,assets/pattern/_79A6036.jpg,보라와 금빛 물결,Violet and Gold Waves,紫と金の波,Wellen in Violett und Gold,ai,2021-10-02T15:11:18,Canon EOS R6,RF24-240mm F4-6.3 IS USM,240.0,1/60,9.0,100,부안댐,Buan Dam,2021_10_02 부안댐,1200,800,False,False,True
211,pattern/_79A9820,pattern,assets/pattern/_79A9820.jpg,가을 저녁 물결,Autumn Evening Waves,秋の夕べの波,Herbstabendwellen,ai,2023-10-31T16:17:16,Canon EOS R6,RF24-240mm F4-6.3 IS USM,240.0,1/50,6.3,100,,,,1200,800,False,False,True
212,pattern/_DJL0006,pattern,assets/pattern/_DJL0006.jpg,옥빛 물결,Jade Waves,翡翠色の波,Jadegrüne Wellen,ai,2021-11-28T14:50:52,Canon EOS 5D Mark IV,EF70-300mm f/4-5.6 IS II USM,70.0,1/30,11.0,100,군산 은파호수,"Eunpa Lake, Gunsan",2021_11_28 은파호수 물빛,1200,800,False,False,True
213,pattern/_DJL0007,pattern,assets/pattern/_DJL0007.jpg,옥빛 바다,Jade Sea,翡翠の海,Jadegrünes Meer,ai,2021-11-28T14:51:25,Canon EOS 5D Mark IV,EF70-300mm f/4-5.6 IS II USM,87.0,1/125,6.3,100,군산 은파호수,"Eunpa Lake, Gunsan",2021_11_28 은파호수 물빛,1200,800,False,False,True
214,landscape/279A4345_1,landscape,assets/landscape/279A4345_1.jpg,등대와 고깃배,Lighthouses and Fishing Boat,灯台と漁船,Leuchttürme und Fischerboot,ai,2020-12-17T14:18:49,Canon EOS R6,RF24-240mm F4-6.3 IS USM,65.0,1/400,9.0,100,금강하구둑,Geum River Estuary Bank,2020_12_17 하구둑가창오리,1200,800,False,False,True
215,landscape/279A4387_1,landscape,assets/landscape/279A4387_1.jpg,철새 도래지,Migratory Birds' Haven,渡り鳥の飛来地,Rastplatz der Zugvögel,ai,2020-12-17T15:12:03,Canon EOS R6,RF24-240mm F4-6.3 IS USM,240.0,1/250,9.0,100,금강하구둑,Geum River Estuary Bank,2020_12_17 하구둑가창오리,1200,800,False,False,True
216,landscape/C27A0173_1,landscape,assets/landscape/C27A0173_1.jpg,물고기 떼,School of Fish,魚の群れ,Fischschwarm,ai,2020-11-10T15:18:18,Canon EOS 5D Mark IV,EF70-300mm f/4-5.6 IS II USM,120.0,1/15,6.3,100,논산 탑정호,"Tapjeong Lake, Nonsan",2020_11_10 탑정호,1200,800,False,False,True
217,landscape/C27A2288_1,landscape,assets/landscape/C27A2288_1.jpg,물거품 지도,Map of Foam,泡の地図,Schaumlandkarte,ai,2019-01-06T15:20:14,Canon EOS 5D Mark IV,EF70-200mm f/2.8L IS II USM,155.0,1/60,6.3,200,김제 심포항,"Simpo Port, Gimje",2019_01_06심포항 물빛촬영(3),1200,800,False,False,True
218,landscape/C27A4555_1,landscape,assets/landscape/C27A4555_1.jpg,물 위를 나는 왜가리,Heron over the Water,水面を飛ぶ青鷺,Reiher über dem Wasser,ai,2019-08-02T07:29:00,Canon EOS 5D Mark IV,EF100-400mm f/4.5-5.6L IS II USM,400.0,1/250,6.3,100,군산,Gunsan,2019_08_02군산 엣 추억,1200,800,False,False,True
219,landscape/C27A4795_1,landscape,assets/landscape/C27A4795_1.jpg,얼음의 결,Grain of Ice,氷の肌理,Maserung des Eises,ai,2019-01-28T15:02:30,Canon EOS 5D Mark IV,EF70-200mm f/2.8L IS II USM,180.0,1/125,5.6,50,부여 궁남지,"Gungnamji Pond, Buyeo",2019_01_28부여 궁남지 물빛촬영(1),1200,800,False,False,True
220,landscape/C27A4801_1,landscape,assets/landscape/C27A4801_1.jpg,부서진 얼음,Shattered Ice,砕けた氷,Zersplittertes Eis,ai,2019-01-28T15:10:24,Canon EOS 5D Mark IV,EF70-200mm f/2.8L IS II USM,200.0,1/320,5.6,50,부여 궁남지,"Gungnamji Pond, Buyeo",2019_01_28부여 궁남지 물빛촬영(1),1200,800,False,False,True
221,landscape/C27A4817_1,landscape,assets/landscape/C27A4817_1.jpg,얼음과 물의 경계,Where Ice Meets Water,氷と水の境,Wo Eis auf Wasser trifft,ai,2019-01-28T15:35:39,Canon EOS 5D Mark IV,EF70-200mm f/2.8L IS II USM,190.0,1/250,5.6,50,부여 궁남지,"Gungnamji Pond, Buyeo",2019_01_28부여 궁남지 물빛촬영(1),1200,800,False,False,True
222,landscape/C27A5365_1,landscape,assets/landscape/C27A5365_1.jpg,호수의 출렁다리,Suspension Bridge on the Lake,湖の吊り橋,Hängebrücke am See,ai,2019-10-19T17:22:31,Canon EOS 5D Mark IV,EF24-70mm f/2.8L II USM,38.0,1/50,6.3,100,증평 괴정저수지,"Goejeong Reservoir, Jeungpyeong",2019_10_19증평 괴정저수지,1200,800,False,False,True
223,landscape/C27A6251_1,landscape,assets/landscape/C27A6251_1.jpg,가을 연못의 갈대,Reeds in an Autumn Pond,秋の池の葦,Schilf im Herbstteich,ai,2018-10-24T16:51:30,Canon EOS 5D Mark IV,EF70-200mm f/2.8L IS II USM,180.0,1/250,3.2,320,군산 은파호수,"Eunpa Lake, Gunsan",2018_10_24은파호수 물빛촬영(4),1200,800,False,False,True
224,landscape/C27A7083_1,landscape,assets/landscape/C27A7083_1.jpg,계곡의 작은 폭포,Small Falls in the Valley,渓谷の小さな滝,Kleiner Wasserfall im Tal,ai,2019-08-30T13:49:30,Canon EOS 5D Mark IV,TAMRON 28-300mm F/3.5-6.3 Di VC PZD A010,76.0,1/10,14.0,100,장수 토옥동 계곡,"Tookdong Valley, Jangsu",2019_08_30장수 토옥정 계곡 물빛(1),1200,800,False,False,True
225,landscape/C27A7088,landscape,assets/landscape/C27A7088.jpg,단풍 든 연못,Pond in Autumn Colors,紅葉の池,Teich im Herbstlaub,ai,2018-10-28T12:41:18,Canon EOS 5D Mark IV,EF70-200mm f/2.8L IS II USM,70.0,1/8,9.0,100,임실 관촌 사선대,"Saseondae, Imsil",2018_10_28사선대 물빛촬영,1200,800,False,False,True
226,landscape/C27A7162_1,landscape,assets/landscape/C27A7162_1.jpg,물속의 붉은 돌,Red Stones Underwater,水底の赤い石,Rote Steine unter Wasser,ai,2019-08-30T14:15:32,Canon EOS 5D Mark IV,TAMRON 28-300mm F/3.5-6.3 Di VC PZD A010,300.0,1/50,6.3,200,장수 토옥동 계곡,"Tookdong Valley, Jangsu",2019_08_30장수 토옥정 계곡 물빛(1),1200,800,False,False,True
227,landscape/C27A7316_1,landscape,assets/landscape/C27A7316_1.jpg,너럭바위를 흐르는 물,Water over Flat Rock,岩盤を流れる水,Wasser über flachem Fels,ai,2019-08-30T16:20:39,Canon EOS 5D Mark IV,TAMRON 28-300mm F/3.5-6.3 Di VC PZD A010,39.0,1/10,22.0,100,장수 토옥동 계곡,"Tookdong Valley, Jangsu",2019_08_30장수 토옥정 계곡 물빛(1),1200,800,False,False,True
228,landscape/C27A7497_1,landscape,assets/landscape/C27A7497_1.jpg,붉은 다리 위의 사람들,People on the Red Bridge,赤い橋の人々,Menschen auf der roten Brücke,ai,2019-06-06T14:29:59,Canon EOS 5D Mark IV,TAMRON 28-300mm F/3.5-6.3 Di VC PZD A010,62.0,1/80,13.0,400,부여 궁남지,"Gungnamji Pond, Buyeo",2019_06_06부여 궁남지 초여름,1200,800,True,False,False
229,landscape/C27A8202,landscape,assets/landscape/C27A8202.jpg,노을 지는 호숫가,Lakeside at Sunset,夕焼けの湖畔,Seeufer im Abendrot,ai,2018-11-04T17:13:35,Canon EOS 5D Mark IV,EF70-200mm f/2.8L IS II USM,70.0,1/1600,4.5,1000,논산 탑정호,"Tapjeong Lake, Nonsan",2018_11_04탑정호 인물풍경,1200,800,False,False,True
230,landscape/C27A8643_1,landscape,assets/landscape/C27A8643_1.jpg,물속의 잉어,Carp in the Water,水の中の鯉,Karpfen im Wasser,ai,2018-11-10T09:38:53,Canon EOS 5D Mark IV,EF70-200mm f/2.8L IS II USM,180.0,1/20,6.3,50,군산 은파호수,"Eunpa Lake, Gunsan",2018_11_10은파호수 물빛촬영(5),1200,800,False,False,True
231,landscape/C27A9469_1,landscape,assets/landscape/C27A9469_1.jpg,밤의 누각과 빛줄기,Night Pavilion and Beams of Light,夜の楼閣と光の筋,Nächtlicher Pavillon mit Lichtstrahlen,ai,2019-07-04T20:43:15,Canon EOS 5D Mark IV,TAMRON 28-300mm F/3.5-6.3 Di VC PZD A010,62.0,1/30,6.3,10000,부여 궁남지,"Gungnamji Pond, Buyeo",2019_07_04부여 궁남지 연꽃,1200,800,False,False,True
232,landscape/IMG_1056_1,landscape,assets/landscape/IMG_1056_1.jpg,수련 잎과 물그림자,Lily Pads and Water Shadows,睡蓮の葉と水影,Seerosenblätter und Wasserschatten,ai,2020-04-08T17:31:44,Canon EOS 6D Mark II,EF100mm f/2.8L Macro IS USM,100.0,1/60,5.6,100,군산 월명호수,"Wolmyeong Lake, Gunsan",2020_04_08월명호수 물빛(3),1200,800,False,False,True
233,landscape/IMG_1174_1,landscape,assets/landscape/IMG_1174_1.jpg,오리 한 쌍,A Pair of Ducks,鴨のつがい,Ein Entenpaar,ai,2020-04-08T17:43:24,Canon EOS 6D Mark II,EF100mm f/2.8L Macro IS USM,100.0,1/160,5.6,100,군산 월명호수,"Wolmyeong Lake, Gunsan",2020_04_08월명호수 물빛(3),1200,800,False,False,True
234,landscape/IMG_3433_1,landscape,assets/landscape/IMG_3433_1.jpg,해 질 녘 바닷가,Seashore at Sundown,日暮れの浜辺,Strand bei Sonnenuntergang,ai,2019-08-19T19:06:42,Canon EOS 6D Mark II,TAMRON 28-300mm F/3.5-6.3 Di VC PZD A010,76.0,1/125,18.0,125,군산 선유도,"Seonyudo Island, Gunsan",2019_08_19선유도 일몰,1200,800,True,False,False
235,landscape/IMG_3698_1,landscape,assets/landscape/IMG_3698_1.jpg,호수에 비친 산,Mountain Mirrored in the Lake,湖に映る山,Berg im Seespiegel,ai,2020-05-29T09:29:10,Canon EOS 6D Mark II,EF70-200mm f/2.8L IS II USM,70.0,1/200,6.3,100,완주 대아저수지,"Daea Reservoir, Wanju",2020_05_29대아리저수지 물빛(2),1200,800,False,False,True
236,landscape/IMG_3699_1,landscape,assets/landscape/IMG_3699_1.jpg,안개 낀 호수,Misty Lake,霧の湖,See im Dunst,ai,2020-05-29T09:29:58,Canon EOS 6D Mark II,EF70-200mm f/2.8L IS II USM,102.0,1/320,6.3,100,완주 대아저수지,"Daea Reservoir, Wanju",2020_05_29대아리저수지 물빛(2),1200,800,False,False,True
237,landscape/IMG_3709_1,landscape,assets/landscape/IMG_3709_1.jpg,고요한 산과 호수,Still Mountains and Lake,静かな山と湖,Stille Berge und See,ai,2020-05-29T10:10:07,Canon EOS 6D Mark II,EF70-200mm f/2.8L IS II USM,70.0,1/640,6.3,100,완주 대아저수지,"Daea Reservoir, Wanju",2020_05_29대아리저수지 물빛(2),1200,800,False,False,True
238,landscape/IMG_5267_1,landscape,assets/landscape/IMG_5267_1.jpg,물가의 오리 두 마리,Two Ducks by the Rocks,岩辺の二羽の鴨,Zwei Enten am Ufer,ai,2018-11-10T10:35:49,Canon EOS 6D Mark II,TAMRON 28-300mm F/3.5-6.3 Di VC PZD A010,300.0,1/250,6.3,200,군산 은파호수,"Eunpa Lake, Gunsan",2018_11_10은파호수 물빛촬영(5),1200,800,False,False,True
239,landscape/IMG_5660_1,landscape,assets/landscape/IMG_5660_1.jpg,호수의 나무 데크길,Boardwalk on the Lake,湖の木道,Holzsteg am See,ai,2018-11-15T12:05:56,Canon EOS 6D Mark II,TAMRON 28-300mm F/3.5-6.3 Di VC PZD A010,48.0,1/250,6.3,50,고창 동림저수지,"Dongnim Reservoir, Gochang",2018_11_15동림저수지 풍경촬영,1200,800,False,False,True
240,landscape/IMG_5965,landscape,assets/landscape/IMG_5965.jpg,호수를 건너는 현수교,Suspension Bridge across the Lake,湖を渡る吊り橋,Hängebrücke über den See,ai,2020-10-19T11:07:30,Canon EOS 6D Mark II,TAMRON 28-300mm F/3.5-6.3 Di VC PZD A010,60.0,1/60,11.0,100,청양 천장호 출렁다리,"Cheonjang Lake Suspension Bridge, Cheongyang",2020_10_19 천장호출렁다리,1200,800,False,False,True
241,landscape/IMG_6449_1,landscape,assets/landscape/IMG_6449_1.jpg,날아오르는 왜가리,Heron Taking Flight,飛び立つ青鷺,Auffliegender Reiher,ai,2020-11-12T16:15:59,Canon EOS 6D Mark II,TAMRON SP 150-600mm F/5-6.3 Di VC USD G2 A022,600.0,1/1000,6.3,250,금강하구둑,Geum River Estuary Bank,2020_11_12 하구둑 조류,1200,800,False,False,True
242,landscape/IMG_6790_1,landscape,assets/landscape/IMG_6790_1.jpg,햇살 어린 여울 바닥,Sunlit Streambed,日の差す川底,Sonniges Bachbett,ai,2018-11-30T12:04:56,Canon EOS 6D Mark II,TAMRON 28-300mm F/3.5-6.3 Di VC PZD A010,300.0,1/50,6.3,50,부안 내변산,"Naebyeonsan, Buan",2018_11_30내변산계곡 물빛촬영(탐론28-300),1200,800,False,False,True
243,landscape/LDJL6776_1,landscape,assets/landscape/LDJL6776_1.jpg,숭어 떼,Shoal of Mullet,鯔の群れ,Meeräschenschwarm,ai,2020-04-21T09:18:34,Canon EOS 5D Mark IV,EF70-200mm f/2.8L IS II USM,135.0,1/30,9.0,100,군산 은파호수,"Eunpa Lake, Gunsan",2020_04_21은파호수 아침(9),1200,800,False,False,True
244,landscape/LDJL6860_1,landscape,assets/landscape/LDJL6860_1.jpg,작은 물고기들,Little Fish,小さな魚たち,Kleine Fische,ai,2020-04-21T15:13:31,Canon EOS 5D Mark IV,EF70-200mm f/2.8L IS II USM,182.0,1/40,13.0,100,군산 비응항,"Bieung Port, Gunsan",2020_04_21비응항 물빛 오후(3),1200,800,False,False,True
245,landscape/LDJL7394_1,landscape,assets/landscape/LDJL7394_1.jpg,수련 잎과 나무 그림자,Lily Pads and Tree Shadows,睡蓮の葉と木の影,Seerosenblätter und Baumschatten,ai,2020-04-27T10:06:24,Canon EOS 5D Mark IV,EF100-400mm f/4.5-5.6L IS II USM,100.0,1/125,9.0,100,임실 관촌 사선대,"Saseondae, Imsil",2020_04_27관촌 사선대 물빛(2),1200,800,False,False,True
246,landscape/LDJL7396_1,landscape,assets/landscape/LDJL7396_1.jpg,물에 비친 정자,Pavilion in the Water,水に映る東屋,Pavillon im Wasser,ai,2020-04-27T10:07:37,Canon EOS 5D Mark IV,EF100-400mm f/4.5-5.6L IS II USM,100.0,1/200,9.0,100,임실 관촌 사선대,"Saseondae, Imsil",2020_04_27관촌 사선대 물빛(2),1200,800,False,False,True
247,landscape/LDJL7985_1,landscape,assets/landscape/LDJL7985_1.jpg,금빛 바다의 고깃배,Fishing Boats on a Golden Sea,金色の海の漁船,Fischerboote auf goldenem Meer,ai,2020-05-13T06:23:12,Canon EOS 5D Mark IV,EF100-400mm f/4.5-5.6L IS II USM,241.0,1/800,13.0,100,군산 내항,Gunsan Inner Harbor,2020_05_13군산내항일출(역사박물관),1200,800,False,False,True
248,landscape/LDJL9273_1,landscape,assets/landscape/LDJL9273_1.jpg,포구의 고깃배들,Fishing Boats in the Harbor,港の漁船,Fischerboote im Hafen,ai,2020-06-04T17:31:21,Canon EOS 5D Mark IV,TAMRON 28-300mm F/3.5-6.3 Di VC PZD A010,48.0,1/320,6.3,100,서천 장항 송림,"Janghang Pine Forest, Seocheon",2020_06_04장항송림 나드리,1200,800,False,False,True
249,landscape/_27A0001,landscape,assets/landscape/_27A0001.jpg,늦가을 수련 연못,Lily Pond in Late Autumn,晩秋の睡蓮池,Seerosenteich im Spätherbst,ai,2021-11-18T15:54:44,Canon EOS 5D Mark IV,EF70-300mm f/4-5.6 IS II USM,182.0,1/80,6.3,100,군산 월명호수,"Wolmyeong Lake, Gunsan",2021_11_18 월명호수,1200,800,False,False,True
250,landscape/_27A0002,landscape,assets/landscape/_27A0002.jpg,물 위에 휜 연 줄기,Bent Lotus Stems,水面に曲がる蓮の茎,Gebogene Lotosstängel,ai,2021-11-18T15:56:12,Canon EOS 5D Mark IV,EF70-300mm f/4-5.6 IS II USM,300.0,1/320,6.3,100,군산 월명호수,"Wolmyeong Lake, Gunsan",2021_11_18 월명호수,1200,800,False,False,True
251,landscape/_27A0004,landscape,assets/landscape/_27A0004.jpg,구름 위의 수련 잎,Lily Pads on the Clouds,雲の上の睡蓮の葉,Seerosenblätter auf Wolken,ai,2021-11-13T15:19:57,Canon EOS 5D Mark IV,EF70-300mm f/4-5.6 IS II USM,300.0,1/800,5.6,200,군산 은파호수,"Eunpa Lake, Gunsan",2021_11_13 군산 은파-청암호,1200,800,False,False,True
252,landscape/_27A0014,landscape,assets/landscape/_27A0014.jpg,물결 속의 마름,Water Chestnut in the Ripples,さざ波の中の菱,Wassernuss in den Wellen,ai,2021-11-13T15:34:48,Canon EOS 5D Mark IV,EF70-300mm f/4-5.6 IS II USM,147.0,1/100,11.0,200,군산 은파호수,"Eunpa Lake, Gunsan",2021_11_13 군산 은파-청암호,1200,800,False,False,True
253,landscape/_27A0028,landscape,assets/landscape/_27A0028.jpg,물살을 가르는 새,Bird Cutting the Water,水を切る鳥,Ein Vogel teilt das Wasser,ai,2021-11-18T17:00:53,Canon EOS 5D Mark IV,EF70-300mm f/4-5.6 IS II USM,300.0,1/10,18.0,250,군산 월명호수,"Wolmyeong Lake, Gunsan",2021_11_18 월명호수,1200,800,False,False,True
254,landscape/_27A0030 (2),landscape,assets/landscape/_27A0030 (2).jpg,늦가을 저수지의 오리들,Ducks on a Late Autumn Reservoir,晩秋の貯水池の鴨,Enten auf dem Stausee im Spätherbst,ai,2021-11-18T17:03:05,Canon EOS 5D Mark IV,EF70-300mm f/4-5.6 IS II USM,300.0,1/20,18.0,250,군산 월명호수,"Wolmyeong Lake, Gunsan",2021_11_18 월명호수,1200,800,False,False,True
255,landscape/_27A0033_1,landscape,assets/landscape/_27A0033_1.jpg,아침 포구를 가르는 배,Boat Crossing the Morning Harbor,朝の港を行く舟,Boot im Morgenhafen,ai,2020-12-24T09:51:21,Canon EOS 5D Mark IV,EF70-300mm f/4-5.6 IS II USM,79.0,1/200,9.0,125,,,2020_12_24 X-MAS 기념,1200,800,True,False,False
256,landscape/_27A0037(2),landscape,assets/landscape/_27A0037(2).jpg,연잎과 붉은 부평초,Lotus Leaves and Red Water Fern,蓮の葉と赤い浮草,Lotosblätter und roter Schwimmfarn,ai,2021-11-16T15:38:57,Canon EOS 5D Mark IV,EF70-300mm f/4-5.6 IS II USM,300.0,1/250,11.0,200,서천 국립생태원,"National Institute of Ecology, Seocheon",2021_11_16 국립서천생태원,1200,800,False,False,True
257,landscape/_27A0037_1,landscape,assets/landscape/_27A0037_1.jpg,포구의 수문,Sluice Gate at the Harbor,港の水門,Schleusentor am Hafen,ai,2020-12-24T09:51:38,Canon EOS 5D Mark IV,EF70-300mm f/4-5.6 IS II USM,70.0,1/200,9.0,125,,,2020_12_24 X-MAS 기념,1200,800,True,False,False
258,landscape/_27A0046,landscape,assets/landscape/_27A0046.jpg,절벽의 반영과 개구리밥,Cliff Reflection and Duckweed,崖の映りと浮草,Felsspiegelung und Wasserlinsen,ai,2021-10-31T09:15:13,Canon EOS 5D Mark IV,EF70-300mm f/4-5.6 IS II USM,160.0,1/125,6.3,100,정읍 구절초 테마공원,"Gujeolcho Theme Park, Jeongeup",2021_10_31 정읍 구절초 테마공원,1200,800,False,False,True
259,landscape/_27A0073,landscape,assets/landscape/_27A0073.jpg,가을 강의 섬,Island in an Autumn River,秋の川の島,Insel im Herbstfluss,ai,2021-10-31T09:48:12,Canon EOS 5D Mark IV,EF70-300mm f/4-5.6 IS II USM,93.0,1/80,6.3,100,정읍 구절초 테마공원,"Gujeolcho Theme Park, Jeongeup",2021_10_31 정읍 구절초 테마공원,1200,800,False,False,True
260,landscape/_27A0075,landscape,assets/landscape/_27A0075.jpg,가을 강과 다리,Autumn River and Bridge,秋の川と橋,Herbstfluss mit Brücke,ai,2021-10-31T09:49:42,Canon EOS 5D Mark IV,EF70-300mm f/4-5.6 IS II USM,100.0,1/160,6.3,100,정읍 구절초 테마공원,"Gujeolcho Theme Park, Jeongeup",2021_10_31 정읍 구절초 테마공원,1200,800,False,False,True
261,landscape/_27A0080_1,landscape,assets/landscape/_27A0080_1.jpg,옥빛 물 위의 갈매기,Gull on Jade Water,翡翠の水の鴎,Möwe auf jadegrünem Wasser,ai,2020-12-24T11:24:50,Canon EOS 5D Mark IV,EF70-300mm f/4-5.6 IS II USM,300.0,1/200,9.0,100,,,2020_12_24 X-MAS 기념,1200,800,False,False,True
262,landscape/_5D_1573,landscape,assets/landscape/_5D_1573.jpg,모내기 논의 반영,Reflections in a Rice Paddy,田植えの田の映り,Spiegelung im Reisfeld,ai,2023-06-06T10:28:42,Canon EOS 5D Mark IV,EF70-300mm f/4-5.6 IS II USM,165.0,1/100,18.0,100,,,,1200,800,False,False,True
263,landscape/_5D_2518,landscape,assets/landscape/_5D_2518.jpg,물 위의 세 마리,Three on the Water,水面の三羽,Drei auf dem Wasser,ai,2023-11-14T10:24:55,Canon EOS 5D Mark IV,EF70-300mm f/4-5.6 IS II USM,300.0,1/30,14.0,100,,,,1200,800,False,False,True
264,landscape/_5D_2521,landscape,assets/landscape/_5D_2521.jpg,햇살 여울,Sunlit Riffle,日差しの瀬,Sonnige Stromschnelle,ai,2023-11-14T11:19:31,Canon EOS 5D Mark IV,EF70-300mm f/4-5.6 IS II USM,151.0,1/60,7.1,100,,,,1200,800,False,False,True
265,landscape/_79A6273,landscape,assets/landscape/_79A6273.jpg,연못가의 정자,Pavilion by the Pond,池のほとりの東屋,Pavillon am Teich,ai,2021-10-07T16:58:25,Canon EOS R6,EF24-70mm f/2.8L II USM,24.0,1/60,18.0,1000,,,2021_10_07 가을 나드리(레오포드 삼각대),1200,800,False,False,True
266,landscape/_79A7139,landscape,assets/landscape/_79A7139.jpg,수련 연못에 비친 사람,Figure in the Lily Pond,睡蓮池に映る人,Gestalt im Seerosenteich,ai,2021-11-02T15:25:20,Canon EOS R6,RF24-240mm F4-6.3 IS USM,157.0,1/160,6.3,200,전주 수목원,Jeonju Arboretum,2021_11_02 전주 수목원,1200,800,True,False,False
267,landscape/_79A7184,landscape,assets/landscape/_79A7184.jpg,수련이 핀 연못,Pond of Blooming Water Lilies,睡蓮の咲く池,Teich mit blühenden Seerosen,ai,2021-11-02T16:29:05,Canon EOS R6,EF100mm f/2.8L Macro IS USM,100.0,1/60,18.0,200,전주 수목원,Jeonju Arboretum,2021_11_02 전주 수목원,1200,800,False,False,True
268,landscape/_79A8110,landscape,assets/landscape/_79A8110.jpg,산중 호수의 출렁다리,Suspension Bridge in the Mountains,山あいの湖の吊り橋,Hängebrücke im Bergsee,ai,2023-08-31T16:04:59,Canon EOS R6,RF24-240mm F4-6.3 IS USM,33.0,1/100,13.0,125,,,,1200,800,False,False,True
269,landscape/_79A8402,landscape,assets/landscape/_79A8402.jpg,초록 물빛 호수,Lake of Green Water,緑の水の湖,See in grünem Wasser,ai,2023-09-05T16:05:07,Canon EOS R6,RF24-240mm F4-6.3 IS USM,55.0,1/500,16.0,500,,,,1200,800,False,False,True
270,landscape/_79A8409,landscape,assets/landscape/_79A8409.jpg,늦여름 호수,Late Summer Lake,晩夏の湖,Spätsommersee,ai,2023-09-05T16:18:37,Canon EOS R6,RF24-240mm F4-6.3 IS USM,30.0,1/125,16.0,160,,,,1200,800,False,False,True
271,landscape/_79A8497,landscape,assets/landscape/_79A8497.jpg,잉어와 산 그림자,Carp and Mountain Shadow,鯉と山の影,Karpfen und Bergschatten,ai,2023-09-10T14:54:37,Canon EOS R6,RF24-240mm F4-6.3 IS USM,157.0,1/60,13.0,100,,,,1200,800,False,False,True
272,landscape/_79A9058,landscape,assets/landscape/_79A9058.jpg,현수교의 반영,Suspension Bridge Reflected,吊り橋の映り,Gespiegelte Hängebrücke,ai,2023-10-13T16:06:52,Canon EOS R6,RF24-240mm F4-6.3 IS USM,58.0,1/20,13.0,100,,,,1200,800,False,False,True
273,landscape/_79A9094,landscape,assets/landscape/_79A9094.jpg,수련과 다리 그림자,Water Lily and Bridge Shadow,睡蓮と橋の影,Seerose und Brückenschatten,ai,2022-06-08T16:20:21,Canon EOS R6,RF24-240mm F4-6.3 IS USM,173.0,1/100,16.0,125,,,,1200,800,False,False,True
274,landscape/_79A9104,landscape,assets/landscape/_79A9104.jpg,연못 속의 자화상,Self-Portrait in the Lily Pond,蓮池の自画像,Selbstbildnis im Seerosenteich,ai,2022-06-08T16:24:33,Canon EOS R6,RF24-240mm F4-6.3 IS USM,193.0,1/10,16.0,125,,,,1200,800,False,True,True
275,landscape/_79A9582,landscape,assets/landscape/_79A9582.jpg,개울의 삼각 기둥,Tripod over the Stream,小川の三脚の柱,Dreibein über dem Bach,ai,2023-10-21T16:45:55,Canon EOS R6,RF24-240mm F4-6.3 IS USM,42.0,1/60,13.0,125,,,,1200,800,True,False,False
276,landscape/_79A9746,landscape,assets/landscape/_79A9746.jpg,금빛 호수,Golden Lake,金色の湖,Goldener See,ai,2023-10-31T15:24:31,Canon EOS R6,RF24-240mm F4-6.3 IS USM,240.0,1/15,11.0,100,,,,1200,800,False,False,True
277,landscape/_79A9784,landscape,assets/landscape/_79A9784.jpg,가을 호수의 저녁,Autumn Lake at Evening,秋の湖の夕べ,Herbstsee am Abend,ai,2023-10-31T15:41:31,Canon EOS R6,RF24-240mm F4-6.3 IS USM,26.0,1/25,13.0,100,,,,1200,800,False,False,True
278,landscape/_79A9786,landscape,assets/landscape/_79A9786.jpg,가을 숲과 호숫가 길,Autumn Woods and Lakeside Path,秋の森と湖畔の道,Herbstwald und Uferweg,ai,2023-10-31T15:42:26,Canon EOS R6,RF24-240mm F4-6.3 IS USM,113.0,1/25,13.0,100,,,,1200,800,False,False,True
279,landscape/_79A9812,landscape,assets/landscape/_79A9812.jpg,벤치에 앉은 사람,Figure on a Bench,ベンチに座る人,Gestalt auf der Bank,ai,2023-10-31T16:09:43,Canon EOS R6,RF24-240mm F4-6.3 IS USM,65.0,1/15,13.0,100,,,,1200,800,True,False,False
280,landscape/_79A9981,landscape,assets/landscape/_79A9981.jpg,계곡의 다리,Bridge in the Valley,渓谷の橋,Brücke im Tal,ai,2023-11-03T10:06:25,Canon EOS R6,RF24-240mm F4-6.3 IS USM,87.0,1/30,11.0,100,,,,1200,800,False,False,True
281,landscape/_DJ_9778,landscape,assets/landscape/_DJ_9778.jpg,물닭 한 마리,A Lone Coot,一羽の大鷭,Ein einzelnes Blässhuhn,ai,2021-03-10T08:18:30,Canon EOS R6,RF24-240mm F4-6.3 IS USM,240.0,1/640,9.0,2000,군산 은파호수,"Eunpa Lake, Gunsan",2021_03_10 은파호수 물빛,1200,800,False,False,True
282,landscape/_DJ_9849,landscape,assets/landscape/_DJ_9849.jpg,초록 물의 물고기들,Fish in Green Water,緑の水の魚たち,Fische im grünen Wasser,ai,2021-03-10T08:25:55,Canon EOS R6,RF24-240mm F4-6.3 IS USM,113.0,1/640,9.0,3200,군산 은파호수,"Eunpa Lake, Gunsan",2021_03_10 은파호수 물빛,1200,800,False,False,True
