1	물 위의 묵서	Calligraphy on Water	水面の墨書	Tuschschrift auf dem Wasser
2	연둣빛 일렁임	Chartreuse Sway	萌黄のゆらぎ	Maigrünes Wogen
3	금빛 물기둥	Pillar of Gold	金の水柱	Goldene Säule
4	쪽빛 너울	Indigo Swell	藍のうねり	Indigoblaue Dünung
5	저녁 여울	Evening Shallows	夕べの瀬	Abendliche Stromschnelle
6	물의 미로	Water Labyrinth	水の迷路	Wasserlabyrinth
7	오색 모자이크	Five-Color Mosaic	五色のモザイク	Fünffarbiges Mosaik
8	물 위의 불꽃	Flame on Water	水上の炎	Flamme auf dem Wasser
9	물빛추억	Water-Light Memories	水光の追憶	Wasserlicht-Erinnerung	yumok
10	포말의 섬	Islands of Foam	泡の島々	Schauminseln
11	물빛향연	Water-Light Feast	水光の饗宴	Wasserlicht-Festmahl	yumok
12	물빛축제	Water-Light Festival	水光の祝祭	Wasserlicht-Fest	yumok
13	보랏빛 물길	Violet Waterway	紫の水路	Violetter Wasserweg
14	초록 그늘	Green Shade	緑の陰	Grüner Schatten
15	노랑과 파랑 사이	Between Yellow and Blue	黄と青のあいだ	Zwischen Gelb und Blau
16	숲의 숨결	Breath of the Forest	森の息吹	Atem des Waldes
17	가을 장막	Autumn Curtain	秋の帳	Herbstvorhang
18	푸른 대리석	Blue Marble	青い大理石	Blauer Marmor
19	물밑의 가을	Autumn Beneath the Water	水底の秋	Herbst unter Wasser
20	물에 잠긴 산	Sunken Mountain	水に沈む山	Versunkener Berg
21	노을 잔물결	Sunset Ripples	夕焼けのさざ波	Abendrot-Kräuseln
22	빛의 삼중주	Trio of Light	光の三重奏	Trio des Lichts
23	봄의 물살	Spring Current	春の流れ	Frühlingsströmung
24	봄볕 두 줄기	Two Beams of Spring Sun	春の日差し二筋	Zwei Strahlen Frühlingssonne
25	오월의 잔물결	Ripples of May	五月のさざ波	Maiwellen
26	녹빛 선율	Rust-Colored Melody	錆色の旋律	Rostfarbene Melodie
27	물 위의 등불	Lantern on the Water	水上の灯	Laterne auf dem Wasser
28	물결과 모래	Ripples and Sand	さざ波と砂	Wellen und Sand
29	물이 그린 산하	Landscape Drawn by Water	水が描いた山河	Vom Wasser gemalte Landschaft
30	시월의 초록	October Green	十月の緑	Oktobergrün
31	하늘에 뻗은 가지	Branches into the Sky	空へ伸びる枝	Zweige in den Himmel
32	기울어진 포구	Tilted Harbor	傾いた入り江	Geneigter Hafen
33	은빛 윤슬	Silver Glitter	銀のきらめき	Silbernes Glitzern
34	흐르는 시간	Flowing Time	流れる時	Fließende Zeit
35	구름과 하늘 조각	Pieces of Cloud and Sky	雲と空のかけら	Wolken- und Himmelsstücke
36	단풍 물들다	Dyed in Autumn Leaves	紅葉に染まる	In Herbstlaub getaucht
37	비단 물결	Silk Waves	絹の波	Seidenwellen
38	가을 숲의 반영	Autumn Woods Reflected	秋の森の映り	Gespiegelter Herbstwald
39	갈지자 물결	Zigzag Waves	ジグザグの波	Zickzackwellen
40	늦여름 포구	Late Summer Harbor	晩夏の入り江	Spätsommer am Hafen
41	물 위의 밧줄	Rope on the Water	水面の綱	Tau auf dem Wasser
42	푸른 물비늘	Blue Scales of Water	青い水の鱗	Blaue Wasserschuppen
43	은빛 균열	Silver Crackle	銀のひび	Silbernes Craquelé
44	흰 띠	White Band	白い帯	Weißes Band
45	초록과 흰빛	Green and White	緑と白	Grün und Weiß
46	은빛 포구의 붉은 배	Red Boat in a Silver Harbor	銀の港の赤い舟	Rotes Boot im Silberhafen
47	깃발의 춤	Dance of the Flags	旗の舞	Tanz der Fahnen
48	붉은 점묘	Red Pointillism	赤の点描	Roter Pointillismus
49	붉은 여운	Red Afterglow	赤い余韻	Roter Nachklang
50	물 위의 춤사위	Dance Upon the Water	水上の舞	Tanz auf dem Wasser
51	옥빛 물굽이	Jade Bend	翡翠の水曲	Jadegrüne Biegung
52	물에 쓴 글씨	Letters Written on Water	水に書いた文字	Aufs Wasser geschrieben
53	유월의 녹음	June Greenery	六月の緑陰	Junigrün
54	초여름 호숫가	Early Summer Lakeside	初夏の湖畔	Frühsommer am See
55	소용돌이	Whirl	渦	Strudel
56	물속의 숲	Forest in the Water	水の中の森	Wald im Wasser
57	늦가을 물결	Late Autumn Ripples	晩秋のさざ波	Spätherbstwellen
58	별이 내린 물	Stars Fallen on Water	星の降る水	Sterne auf dem Wasser
59	가을빛 호수	Autumn-Lit Lake	秋色の湖	See im Herbstlicht
60	금빛 자갈	Golden Pebbles	金色の小石	Goldene Kiesel
61	잔잔한 수면	Quiet Surface	静かな水面	Stille Wasserfläche
62	물결 악보	Score of Waves	波の楽譜	Wellenpartitur
63	물에 선 절벽	Cliff Standing in Water	水に立つ崖	Felswand im Wasser
64	물 위의 달	Moon on the Water	水面の月	Mond auf dem Wasser
65	초록 보석	Emerald Facets	エメラルドの切子	Smaragdfacetten
66	봄 개울	Spring Brook	春の小川	Frühlingsbach
67	신록의 물결	Waves of Fresh Green	新緑の波	Wellen im jungen Grün
68	물 위의 두 그림자	Two Shadows on the Water	水面の二つの影	Zwei Schatten auf dem Wasser
69	물풀의 꿈	Dream of Water Plants	水草の夢	Traum der Wasserpflanzen
70	초록 속의 흰 섬	White Isle in Green	緑の中の白い島	Weiße Insel im Grün
71	오월의 숲	Forest in May	五月の森	Maiwald
72	분홍빛 산 그림자	Pink Mountain Shadow	桃色の山影	Rosa Bergschatten
73	거꾸로 선 숲	Upside-Down Forest	逆さの森	Kopfstehender Wald
74	물의 나이테	Tree Rings of Water	水の年輪	Jahresringe des Wassers
75	흰 물살	White Current	白い流れ	Weiße Strömung
76	황금 물결	Golden Waves	黄金の波	Goldene Wellen
77	파랑과 초록의 경계	Where Blue Meets Green	青と緑の境	Grenze von Blau und Grün
78	무지갯빛 수면	Iridescent Surface	虹色の水面	Schillernde Oberfläche
79	여름 포구의 색	Colors of a Summer Harbor	夏の港の色	Farben des Sommerhafens
80	물의 레이스	Lace of Water	水のレース	Wasserspitze
81	흰 물결 위의 초록	Green on White Waves	白波の上の緑	Grün auf weißen Wellen
82	푸른 그림자 놀이	Blue Shadow Play	青い影あそび	Blaues Schattenspiel
83	흔들리는 나무	Swaying Trees	揺れる木々	Schwankende Bäume
84	고요한 물띠	Quiet Bands	静かな水の帯	Stille Wasserbänder
85	물에 잠긴 나무	Tree Sunk in Water	水に沈む木	Versunkener Baum
86	청록의 바다	Teal Sea	青緑の海	Türkisgrünes Meer
87	모래빛 물결	Sand-Colored Ripples	砂色のさざ波	Sandfarbene Wellen
88	연두 물무늬	Light-Green Water Pattern	若草色の水紋	Hellgrünes Wassermuster
89	초록 물길	Green Passage	緑の水路	Grüner Wasserweg
90	물에 드리운 잎	Leaves over the Water	水に垂れる葉	Blätter über dem Wasser
91	호수의 세 빛깔	Three Colors of the Lake	湖の三色	Drei Farben des Sees
92	물에 비친 소나무	Pine in the Water	水に映る松	Kiefer im Wasser
93	바위를 넘는 물	Water over Rock	岩を越える水	Wasser über Fels
94	물에 번진 단풍	Autumn Leaves Spreading	水ににじむ紅葉	Verlaufendes Herbstlaub
95	물 위의 낙엽	Fallen Leaves on Water	水面の落ち葉	Gefallenes Laub auf dem Wasser
96	노란 빛 한 줄기	A Streak of Yellow	黄色のひとすじ	Ein gelber Streifen
97	시냇물 속 나무	Tree in the Brook	小川の中の木	Baum im Bach
98	늦여름 잔물결	Late Summer Ripples	晩夏のさざ波	Spätsommerwellen
99	연두의 한낮	Midday in Lime	若草の真昼	Mittag in Lindgrün
100	흰 물그림자	White Water-Shadow	白い水影	Weißer Wasserschatten
101	황톳물	Ochre Water	黄土の水	Ockerwasser
102	황톳물의 포말	Foam on Ochre Water	黄土水の泡	Schaum auf Ockerwasser
103	물거품 구름	Cloud of Foam	泡の雲	Schaumwolke
104	초록 물그림	Green Water Sketch	緑の水絵	Grüne Wasserskizze
105	돛대의 반영	Mast Reflected	帆柱の映り	Gespiegelter Mast
106	은빛 물비늘	Silver Scales	銀の鱗	Silberschuppen
107	잿빛 물결	Ashen Waves	灰色の波	Aschgraue Wellen
108	저녁빛 물결	Waves at Evening Light	夕光の波	Wellen im Abendlicht
109	금빛 안개	Golden Haze	金色の霞	Goldener Dunst
110	보랏빛 저녁 강	Violet Evening River	紫の夕べの川	Violetter Abendfluss
111	구름과 갈대	Clouds and Reeds	雲と葦	Wolken und Schilf
112	얼룩말 무늬	Zebra Stripes	縞馬の模様	Zebrastreifen
113	물이 그린 줄무늬	Stripes Drawn by Water	水が描く縞	Vom Wasser gezeichnete Streifen
114	가을 나무 한 그루	A Single Autumn Tree	秋の一本の木	Ein Herbstbaum
115	가을 윤슬	Autumn Glitter	秋のきらめき	Herbstglitzern
116	잎 사이의 흰 집	White House among Leaves	葉の間の白い家	Weißes Haus zwischen Blättern
117	물속의 나무들	Trees within the Water	水の中の木々	Bäume im Wasser
118	수묵 나무	Ink-Wash Trees	水墨の木々	Bäume in Tusche
119	가을 가지	Autumn Branches	秋の枝	Herbstzweige
120	시월의 끝	End of October	十月の終わり	Ende Oktober
121	가을 물 모자이크	Autumn Water Mosaic	秋の水モザイク	Herbstliches Wassermosaik
122	물에 비친 처마와 등	Eaves and Lantern Reflected	水に映る軒と灯籠	Gespiegelte Traufe und Laterne
123	누각의 그림자	Shadow of the Pavilion	楼閣の影	Schatten des Pavillons
124	가을 노을빛	Autumn Glow	秋の夕映え	Herbstliches Abendglühen
125	십일월의 강	November River	十一月の川	Novemberfluss
126	물의 오선지	Staff Lines of Water	水の五線紙	Notenlinien des Wassers
127	물에 비친 산	Mountain in the Water	水に映る山	Berg im Wasser
128	바람 탄 버들	Willow in the Wind	風に乗る柳	Weide im Wind
129	떠가는 잎 하나	One Drifting Leaf	流れゆく一葉	Ein treibendes Blatt
130	초록 물 위의 낙엽	Leaf on Green Water	緑の水の落ち葉	Blatt auf grünem Wasser
131	숲과 하늘의 경계	Between Forest and Sky	森と空の境	Zwischen Wald und Himmel
132	햇살 드는 물	Sunlit Water	日の差す水	Sonnenbeschienenes Wasser
133	흰빛 번지는 물	Spreading White	広がる白	Sich ausbreitendes Weiß
134	저물녘 호수	Lake at Dusk	暮れ方の湖	See in der Dämmerung
135	초록 물의 흰 빛	White Light in Green Water	緑の水の白い光	Weißes Licht im grünen Wasser
136	갈대 그림자	Reed Shadows	葦の影	Schilfschatten
137	얼음에 새긴 나무	Trees Etched in Ice	氷に刻まれた木	In Eis geritzte Bäume
138	얼음 위의 길	Path on the Ice	氷の上の道	Weg auf dem Eis
139	겨울 물의 초록	Green in Winter Water	冬の水の緑	Grün im Winterwasser
140	줄에 매단 깃발	Flags on a Line	綱の旗	Fähnchen an der Leine
141	포구의 물무늬	Harbor Water Pattern	港の水紋	Wassermuster im Hafen
142	검푸른 소용돌이	Dark Blue Vortex	青黒い渦	Dunkelblauer Wirbel
143	물의 마블링	Marbling of Water	水のマーブリング	Marmorierung des Wassers
144	조약돌 위의 숲	Forest over Pebbles	小石の上の森	Wald über Kieseln
145	물에 뜬 산	Mountain Afloat	水に浮かぶ山	Schwimmender Berg
146	연못가의 산책	A Walk by the Lotus Pond	蓮池の散歩	Spaziergang am Lotosteich
147	푸른 물 위의 흰 줄기	White Stem on Blue Water	青い水の白い幹	Weißer Stamm auf blauem Wasser
148	붉은 깃발	Red Flags	赤い旗	Rote Fahnen
149	물속의 가을 뜰	Autumn Garden in the Water	水の中の秋の庭	Herbstgarten im Wasser
150	물에 비친 집들	Houses in the Water	水に映る家々	Häuser im Wasser
151	물에 비친 지붕	Roof in the Water	水に映る屋根	Dach im Wasser
152	가을 나무 그림자	Shadows of Autumn Trees	秋の木の影	Schatten der Herbstbäume
153	물에 비친 전망대	Lookout in the Water	水に映る展望台	Aussichtsplattform im Wasser
154	물에 뻗은 가지	Branches Spread on Water	水面に広がる枝	Äste, übers Wasser gebreitet
155	두 그루 메타세쿼이아	Two Metasequoias	二本のメタセコイア	Zwei Mammutbäume
156	물에 비친 다리와 가로등	Bridge and Streetlamp Reflected	水に映る橋と街灯	Brücke und Laterne im Wasser
157	신록의 반영	Reflection of Fresh Green	新緑の映り	Spiegelung im jungen Grün
158	핑크뮬리와 초가 정자	Pink Muhly and Thatched Pavilion	ピンクミューリーと藁葺きの東屋	Rosa Gras und Strohpavillon
159	가을 물가의 두 나무	Two Trees at the Autumn Shore	秋の水辺の二本の木	Zwei Bäume am Herbstufer
160	붉게 물든 물가	Shore Dyed Red	赤く染まる水辺	Rot gefärbtes Ufer
161	여울 속의 하늘	Sky in the Shallows	瀬の中の空	Himmel in der Furt
162	다리와 메타세쿼이아	Bridge and Metasequoias	橋とメタセコイア	Brücke und Mammutbäume
163	수련 연못의 흰 지붕	White Roof over the Lily Pond	睡蓮池の白い屋根	Weißes Dach am Seerosenteich
164	물가의 탑과 집	Tower and House by the Water	水辺の塔と家	Turm und Haus am Wasser
165	물방울 무늬 하늘	Dappled Sky	水玉の空	Getupfter Himmel
166	가을 들판의 반영	Autumn Field Reflected	秋の野の映り	Gespiegeltes Herbstfeld
167	밭일하는 여인	Woman at Work in the Field	畑仕事の女	Frau bei der Feldarbeit
168	물에 뜬 구름	Clouds Afloat	水に浮かぶ雲	Schwimmende Wolken
169	물에 누운 언덕	Hill Lying in the Water	水に横たわる丘	Im Wasser liegender Hügel
170	숲 사이의 빛	Light through the Woods	森の間の光	Licht zwischen den Bäumen
171	다리 난간의 반영	Bridge Railing Reflected	橋の欄干の映り	Gespiegeltes Brückengeländer
172	늦가을 물가	Late Autumn Shore	晩秋の水辺	Spätherbstliches Ufer
173	은빛 나무들	Silver Trees	銀の木々	Silberne Bäume
174	갈대와 단풍의 반영	Reeds and Autumn Leaves Reflected	葦と紅葉の映り	Schilf und Herbstlaub gespiegelt
175	물속의 사진가	Photographer in the Water	水の中の写真家	Fotografierende im Wasser
176	물밑의 풀과 꽃잎	Grass and Petals Underwater	水底の草と花びら	Gras und Blütenblätter unter Wasser
177	가을빛 나뭇가지	Branches in Autumn Light	秋の光の枝	Äste im Herbstlicht
178	금빛 소용돌이	Golden Swirl	金色の渦	Goldener Wirbel
179	노란 잎의 반영	Yellow Leaves Reflected	黄葉の映り	Gelbes Laub gespiegelt
180	자작나무 반영	Birches Reflected	白樺の映り	Gespiegelte Birken
181	물에 비친 벽돌집	Brick House in the Water	水に映る煉瓦の家	Backsteinhaus im Wasser
182	물에 비친 소 벽화	Ox Mural Reflected	水に映る牛の壁画	Ochsen-Wandbild im Wasser
183	물에 선 삼각 기둥	Three-Legged Post Standing in Water	水に立つ三脚の柱	Dreibein im Wasser
184	물속의 소나무	Pine within the Water	水中の松	Kiefer unter Wasser
185	물에 비친 가을 나무	Autumn Tree in the Water	水に映る秋の木	Herbstbaum im Wasser
186	금빛 호수	Golden Lake	金色の湖	Goldener See
187	가을 숲 물결	Autumn Forest in Waves	秋の森の波	Herbstwald in Wellen
188	단풍 모자이크	Autumn Leaf Mosaic	紅葉のモザイク	Herbstlaub-Mosaik
189	시월의 숲 반영	October Forest Reflected	十月の森の映り	Gespiegelter Oktoberwald
190	바람 부는 강	Windy River	風の吹く川	Fluss im Wind
191	황톳빛 물결	Ochre Waves	黄土色の波	Ockerfarbene Wellen
192	살얼음 무늬	Thin Ice Pattern	薄氷の模様	Dünneis-Muster
193	주홍 물결	Vermilion Ripples	朱色の波	Zinnoberrote Wellen
194	올리브빛 물결	Olive Waves	オリーブ色の波	Olivgrüne Wellen
195	저녁 윤슬	Evening Glitter	夕べのきらめき	Abendglitzern
196	하늘빛 섞인 물결	Waves Mixed with Sky	空色まじりの波	Wellen mit Himmelblau
197	물 위의 흰 포말	White Foam on Water	水面の白い泡	Weißer Schaum auf dem Wasser
198	연둣빛 잔물결	Pale Green Ripples	萌黄のさざ波	Blassgrüne Kräuselung
199	잿빛 너울	Gray Swell	灰色のうねり	Graue Dünung
200	푸른 물결 무늬	Blue Wave Pattern	青い波模様	Blaues Wellenmuster
201	은빛과 갈빛	Silver and Brown	銀と茶	Silber und Braun
202	푸른 물거울	Blue Water Mirror	青い水鏡	Blauer Wasserspiegel
203	황금빛 물결	Waves of Gold	黄金色の波	Wellen aus Gold
204	겨자빛 물결	Mustard Waves	芥子色の波	Senfgelbe Wellen
205	촘촘한 물결	Fine-Woven Waves	細やかな波	Feingewebte Wellen
206	짙푸른 바다	Deep Blue Sea	深い青の海	Tiefblaues Meer
207	물밑의 자갈과 하늘	Pebbles and Sky	水底の小石と空	Kiesel und Himmel
208	금빛 여울	Golden Shallows	金色の瀬	Goldene Furt
209	청록 잔물결	Teal Ripples	青緑のさざ波	Türkisgrüne Kräuselung
210	보라와 금빛 물결	Violet and Gold Waves	紫と金の波	Wellen in Violett und Gold
211	가을 저녁 물결	Autumn Evening Waves	秋の夕べの波	Herbstabendwellen
212	옥빛 물결	Jade Waves	翡翠色の波	Jadegrüne Wellen
213	옥빛 바다	Jade Sea	翡翠の海	Jadegrünes Meer
214	등대와 고깃배	Lighthouses and Fishing Boat	灯台と漁船	Leuchttürme und Fischerboot
215	철새 도래지	Migratory Birds' Haven	渡り鳥の飛来地	Rastplatz der Zugvögel
216	물고기 떼	School of Fish	魚の群れ	Fischschwarm
217	물거품 지도	Map of Foam	泡の地図	Schaumlandkarte
218	물 위를 나는 왜가리	Heron over the Water	水面を飛ぶ青鷺	Reiher über dem Wasser
219	얼음의 결	Grain of Ice	氷の肌理	Maserung des Eises
220	부서진 얼음	Shattered Ice	砕けた氷	Zersplittertes Eis
221	얼음과 물의 경계	Where Ice Meets Water	氷と水の境	Wo Eis auf Wasser trifft
222	호수의 출렁다리	Suspension Bridge on the Lake	湖の吊り橋	Hängebrücke am See
223	가을 연못의 갈대	Reeds in an Autumn Pond	秋の池の葦	Schilf im Herbstteich
224	계곡의 작은 폭포	Small Falls in the Valley	渓谷の小さな滝	Kleiner Wasserfall im Tal
225	단풍 든 연못	Pond in Autumn Colors	紅葉の池	Teich im Herbstlaub
226	물속의 붉은 돌	Red Stones Underwater	水底の赤い石	Rote Steine unter Wasser
227	너럭바위를 흐르는 물	Water over Flat Rock	岩盤を流れる水	Wasser über flachem Fels
228	붉은 다리 위의 사람들	People on the Red Bridge	赤い橋の人々	Menschen auf der roten Brücke
229	노을 지는 호숫가	Lakeside at Sunset	夕焼けの湖畔	Seeufer im Abendrot
230	물속의 잉어	Carp in the Water	水の中の鯉	Karpfen im Wasser
231	밤의 누각과 빛줄기	Night Pavilion and Beams of Light	夜の楼閣と光の筋	Nächtlicher Pavillon mit Lichtstrahlen
232	수련 잎과 물그림자	Lily Pads and Water Shadows	睡蓮の葉と水影	Seerosenblätter und Wasserschatten
233	오리 한 쌍	A Pair of Ducks	鴨のつがい	Ein Entenpaar
234	해 질 녘 바닷가	Seashore at Sundown	日暮れの浜辺	Strand bei Sonnenuntergang
235	호수에 비친 산	Mountain Mirrored in the Lake	湖に映る山	Berg im Seespiegel
236	안개 낀 호수	Misty Lake	霧の湖	See im Dunst
237	고요한 산과 호수	Still Mountains and Lake	静かな山と湖	Stille Berge und See
238	물가의 오리 두 마리	Two Ducks by the Rocks	岩辺の二羽の鴨	Zwei Enten am Ufer
239	호수의 나무 데크길	Boardwalk on the Lake	湖の木道	Holzsteg am See
240	호수를 건너는 현수교	Suspension Bridge across the Lake	湖を渡る吊り橋	Hängebrücke über den See
241	날아오르는 왜가리	Heron Taking Flight	飛び立つ青鷺	Auffliegender Reiher
242	햇살 어린 여울 바닥	Sunlit Streambed	日の差す川底	Sonniges Bachbett
243	숭어 떼	Shoal of Mullet	鯔の群れ	Meeräschenschwarm
244	작은 물고기들	Little Fish	小さな魚たち	Kleine Fische
245	수련 잎과 나무 그림자	Lily Pads and Tree Shadows	睡蓮の葉と木の影	Seerosenblätter und Baumschatten
246	물에 비친 정자	Pavilion in the Water	水に映る東屋	Pavillon im Wasser
247	금빛 바다의 고깃배	Fishing Boats on a Golden Sea	金色の海の漁船	Fischerboote auf goldenem Meer
248	포구의 고깃배들	Fishing Boats in the Harbor	港の漁船	Fischerboote im Hafen
249	늦가을 수련 연못	Lily Pond in Late Autumn	晩秋の睡蓮池	Seerosenteich im Spätherbst
250	물 위에 휜 연 줄기	Bent Lotus Stems	水面に曲がる蓮の茎	Gebogene Lotosstängel
251	구름 위의 수련 잎	Lily Pads on the Clouds	雲の上の睡蓮の葉	Seerosenblätter auf Wolken
252	물결 속의 마름	Water Chestnut in the Ripples	さざ波の中の菱	Wassernuss in den Wellen
253	물살을 가르는 새	Bird Cutting the Water	水を切る鳥	Ein Vogel teilt das Wasser
254	늦가을 저수지의 오리들	Ducks on a Late Autumn Reservoir	晩秋の貯水池の鴨	Enten auf dem Stausee im Spätherbst
255	아침 포구를 가르는 배	Boat Crossing the Morning Harbor	朝の港を行く舟	Boot im Morgenhafen
256	연잎과 붉은 부평초	Lotus Leaves and Red Water Fern	蓮の葉と赤い浮草	Lotosblätter und roter Schwimmfarn
257	포구의 수문	Sluice Gate at the Harbor	港の水門	Schleusentor am Hafen
258	절벽의 반영과 개구리밥	Cliff Reflection and Duckweed	崖の映りと浮草	Felsspiegelung und Wasserlinsen
259	가을 강의 섬	Island in an Autumn River	秋の川の島	Insel im Herbstfluss
260	가을 강과 다리	Autumn River and Bridge	秋の川と橋	Herbstfluss mit Brücke
261	옥빛 물 위의 갈매기	Gull on Jade Water	翡翠の水の鴎	Möwe auf jadegrünem Wasser
262	모내기 논의 반영	Reflections in a Rice Paddy	田植えの田の映り	Spiegelung im Reisfeld
263	물 위의 세 마리	Three on the Water	水面の三羽	Drei auf dem Wasser
264	햇살 여울	Sunlit Riffle	日差しの瀬	Sonnige Stromschnelle
265	연못가의 정자	Pavilion by the Pond	池のほとりの東屋	Pavillon am Teich
266	수련 연못에 비친 사람	Figure in the Lily Pond	睡蓮池に映る人	Gestalt im Seerosenteich
267	수련이 핀 연못	Pond of Blooming Water Lilies	睡蓮の咲く池	Teich mit blühenden Seerosen
268	산중 호수의 출렁다리	Suspension Bridge in the Mountains	山あいの湖の吊り橋	Hängebrücke im Bergsee
269	초록 물빛 호수	Lake of Green Water	緑の水の湖	See in grünem Wasser
270	늦여름 호수	Late Summer Lake	晩夏の湖	Spätsommersee
271	잉어와 산 그림자	Carp and Mountain Shadow	鯉と山の影	Karpfen und Bergschatten
272	현수교의 반영	Suspension Bridge Reflected	吊り橋の映り	Gespiegelte Hängebrücke
273	수련과 다리 그림자	Water Lily and Bridge Shadow	睡蓮と橋の影	Seerose und Brückenschatten
274	연못 속의 자화상	Self-Portrait in the Lily Pond	蓮池の自画像	Selbstbildnis im Seerosenteich
275	개울의 삼각 기둥	Three-Legged Post over the Stream	小川の三脚の柱	Dreibein über dem Bach
276	금빛 호수	Golden Lake	金色の湖	Goldener See
277	가을 호수의 저녁	Autumn Lake at Evening	秋の湖の夕べ	Herbstsee am Abend
278	가을 숲과 호숫가 길	Autumn Woods and Lakeside Path	秋の森と湖畔の道	Herbstwald und Uferweg
279	벤치에 앉은 사람	Figure on a Bench	ベンチに座る人	Gestalt auf der Bank
280	계곡의 다리	Bridge in the Valley	渓谷の橋	Brücke im Tal
281	물닭 한 마리	A Lone Coot	一羽の大鷭	Ein einzelnes Blässhuhn
282	초록 물의 물고기들	Fish in Green Water	緑の水の魚たち	Fische im grünen Wasser
